,created_at,rumah
1788,2020-02-01 00:37:00,0
1789,2020-02-01 00:41:34,0
1790,2020-02-01 00:41:34,0
1791,2020-02-01 00:41:34,0
1792,2020-02-01 01:25:41,0
1793,2020-02-01 01:26:57,0
1794,2020-02-01 01:34:31,0
1795,2020-02-01 01:45:45,0
1796,2020-02-01 01:45:51,0
1797,2020-02-01 01:47:17,0
1798,2020-02-01 01:52:29,0
1799,2020-02-01 01:54:11,0
1800,2020-02-01 01:55:05,0
1801,2020-02-01 02:18:01,0
1802,2020-02-01 03:00:10,0
1803,2020-02-01 03:07:37,0
1804,2020-02-01 03:08:10,0
1805,2020-02-01 03:23:33,0
1806,2020-02-01 03:26:19,0
1807,2020-02-01 03:27:52,0
1808,2020-02-01 03:37:30,0
1809,2020-02-01 03:44:05,0
1810,2020-02-01 03:54:17,0
1811,2020-02-01 03:56:07,0
1812,2020-02-01 05:46:14,0
1813,2020-02-01 05:57:36,0
1814,2020-02-01 05:58:53,0
1815,2020-02-01 05:59:23,0
1816,2020-02-01 06:01:32,0
1817,2020-02-01 06:06:07,0
1818,2020-02-01 06:08:39,0
1819,2020-02-01 06:10:38,0
1820,2020-02-01 06:12:21,0
1821,2020-02-01 06:14:07,0
1822,2020-02-01 06:14:13,0
1823,2020-02-01 06:14:28,0
1824,2020-02-01 07:39:33,0
1825,2020-02-01 08:17:54,0
1826,2020-02-01 08:37:12,0
1827,2020-02-01 09:43:54,0
1828,2020-02-01 10:03:38,0
1829,2020-02-01 10:04:35,0
1830,2020-02-01 10:05:49,0
1831,2020-02-01 10:09:45,0
1832,2020-02-01 10:37:18,0
1833,2020-02-01 11:04:20,0
1834,2020-02-01 12:16:03,0
1835,2020-02-01 14:24:03,0
1836,2020-02-01 14:36:19,0
1837,2020-02-01 15:02:11,0
1838,2020-02-01 15:05:46,0
1839,2020-02-01 15:15:17,0
1840,2020-02-01 15:16:51,0
1841,2020-02-01 15:19:43,0
1842,2020-02-01 15:23:59,0
1843,2020-02-01 15:25:10,0
1844,2020-02-01 15:25:48,0
1845,2020-02-01 16:40:54,0
1846,2020-02-01 16:44:28,0
1847,2020-02-01 17:07:22,0
1848,2020-02-01 17:16:11,0
1849,2020-02-01 17:17:52,0
1850,2020-02-01 17:19:23,0
1851,2020-02-01 17:20:22,0
1852,2020-02-01 17:21:19,0
1853,2020-02-01 17:27:21,0
1854,2020-02-01 17:33:17,0
1855,2020-02-01 17:35:51,0
1856,2020-02-01 17:38:09,0
1857,2020-02-01 17:39:15,0
1858,2020-02-01 22:43:40,0
1859,2020-02-01 22:54:14,0
1860,2020-02-01 22:55:06,0
1861,2020-02-01 23:19:23,0
1862,2020-02-02 00:15:50,0
1863,2020-02-02 00:26:30,0
1864,2020-02-02 00:27:07,0
1865,2020-02-02 00:42:03,0
1866,2020-02-02 01:02:57,0
1867,2020-02-02 01:35:51,0
1868,2020-02-02 02:34:32,1
1869,2020-02-02 02:35:28,0
1870,2020-02-02 02:36:29,0
1871,2020-02-02 02:37:51,0
1872,2020-02-02 02:38:34,0
1873,2020-02-02 03:03:51,0
1874,2020-02-02 03:05:40,0
1875,2020-02-02 03:06:27,0
1876,2020-02-02 03:07:44,0
1877,2020-02-02 06:03:15,0
1878,2020-02-02 07:40:06,0
1879,2020-02-02 07:40:58,0
1880,2020-02-02 08:13:17,0
1881,2020-02-02 08:15:13,0
1882,2020-02-02 08:15:46,0
1883,2020-02-02 08:48:06,0
1884,2020-02-02 09:00:44,0
1885,2020-02-02 10:32:09,0
1886,2020-02-02 10:34:13,0
1887,2020-02-02 10:36:19,0
1888,2020-02-02 10:37:52,0
1889,2020-02-02 10:39:20,0
1890,2020-02-02 10:40:00,0
1891,2020-02-02 10:43:19,1
1892,2020-02-02 10:44:35,0
1893,2020-02-02 10:44:58,0
1894,2020-02-02 10:45:42,0
1895,2020-02-02 10:46:08,0
1896,2020-02-02 10:46:36,0
1897,2020-02-02 10:47:37,0
1898,2020-02-02 10:48:23,0
1899,2020-02-02 11:44:22,0
1900,2020-02-02 12:02:48,0
1901,2020-02-02 12:32:38,0
1902,2020-02-02 12:48:16,0
1903,2020-02-02 13:10:29,0
1904,2020-02-02 13:12:08,0
1905,2020-02-02 13:21:53,0
1906,2020-02-02 14:15:11,0
1907,2020-02-02 15:51:01,0
1908,2020-02-02 15:51:38,0
1909,2020-02-02 18:46:20,0
1910,2020-02-02 20:00:28,0
1911,2020-02-02 20:21:46,0
1912,2020-02-02 20:26:00,0
1913,2020-02-02 20:36:03,0
1914,2020-02-02 21:14:15,0
1915,2020-02-02 21:15:05,0
1916,2020-02-02 21:16:52,0
1917,2020-02-02 21:20:33,0
1918,2020-02-02 22:01:32,0
1919,2020-02-02 22:58:01,0
1920,2020-02-02 22:58:23,0
1921,2020-02-02 22:59:35,0
1922,2020-02-02 23:00:25,0
1923,2020-02-02 23:00:46,0
1924,2020-02-02 23:01:36,0
1925,2020-02-03 00:52:01,0
1926,2020-02-03 00:54:43,0
1927,2020-02-03 01:31:08,0
1928,2020-02-03 01:56:02,0
1929,2020-02-03 01:56:58,0
1930,2020-02-03 03:06:14,0
1931,2020-02-03 03:28:24,0
1932,2020-02-03 03:38:24,0
1933,2020-02-03 03:39:52,0
1934,2020-02-03 04:23:11,0
1935,2020-02-03 04:24:29,0
1936,2020-02-03 04:26:40,0
1937,2020-02-03 04:29:42,0
1938,2020-02-03 04:35:56,0
1939,2020-02-03 04:37:07,0
1940,2020-02-03 04:58:52,0
1941,2020-02-03 04:59:59,0
1942,2020-02-03 05:01:06,0
1943,2020-02-03 05:02:44,0
1944,2020-02-03 05:21:56,0
1945,2020-02-03 05:38:53,0
1946,2020-02-03 05:53:50,0
1947,2020-02-03 06:03:02,0
1948,2020-02-03 06:03:58,0
1949,2020-02-03 06:22:19,0
1950,2020-02-03 06:24:47,0
1951,2020-02-03 06:42:48,0
1952,2020-02-03 06:44:05,0
1953,2020-02-03 06:50:57,0
1954,2020-02-03 07:13:57,0
1955,2020-02-03 07:14:33,0
1956,2020-02-03 07:19:00,0
1957,2020-02-03 07:20:08,0
1958,2020-02-03 07:34:45,0
1959,2020-02-03 07:38:13,0
1960,2020-02-03 07:41:53,0
1961,2020-02-03 08:25:58,0
1962,2020-02-03 08:29:08,0
1963,2020-02-03 09:18:21,0
1964,2020-02-03 09:20:18,0
1965,2020-02-03 09:20:55,0
1966,2020-02-03 09:21:13,0
1967,2020-02-03 09:23:51,0
1968,2020-02-03 09:58:03,0
1969,2020-02-03 10:07:29,0
1970,2020-02-03 10:09:48,0
1971,2020-02-03 10:11:11,0
1972,2020-02-03 10:12:26,0
1973,2020-02-03 10:13:17,0
1974,2020-02-03 10:14:10,0
1975,2020-02-03 10:15:18,0
1976,2020-02-03 10:16:49,0
1977,2020-02-03 10:18:35,0
1978,2020-02-03 10:18:53,0
1979,2020-02-03 10:19:40,0
1980,2020-02-03 10:20:30,0
1981,2020-02-03 10:42:39,0
1982,2020-02-03 11:05:11,0
1983,2020-02-03 11:05:47,0
1984,2020-02-03 11:07:12,0
1985,2020-02-03 11:20:11,0
1986,2020-02-03 11:20:45,0
1987,2020-02-03 11:43:52,0
1988,2020-02-03 12:46:59,0
1989,2020-02-03 12:51:15,0
1990,2020-02-03 13:38:13,0
1991,2020-02-03 13:48:13,0
1992,2020-02-03 13:55:12,0
1993,2020-02-03 14:01:49,0
1994,2020-02-03 14:29:48,0
1995,2020-02-03 15:50:16,0
1996,2020-02-03 22:07:49,0
1997,2020-02-03 22:39:56,0
1998,2020-02-03 22:42:48,0
1999,2020-02-03 22:52:00,0
2000,2020-02-03 22:58:38,0
2001,2020-02-03 23:04:26,0
2002,2020-02-03 23:45:10,0
2003,2020-02-03 23:56:00,0
2004,2020-02-04 00:18:03,0
2005,2020-02-04 00:24:32,0
2006,2020-02-04 00:25:35,0
2007,2020-02-04 00:27:39,0
2008,2020-02-04 00:28:21,0
2009,2020-02-04 00:28:49,0
2010,2020-02-04 00:29:20,0
2011,2020-02-04 00:29:53,0
2012,2020-02-04 00:33:00,0
2013,2020-02-04 00:44:16,0
2014,2020-02-04 00:51:00,0
2015,2020-02-04 00:58:53,0
2016,2020-02-04 01:00:32,0
2017,2020-02-04 01:11:17,0
2018,2020-02-04 02:22:26,0
2019,2020-02-04 02:41:46,0
2020,2020-02-04 03:14:08,0
2021,2020-02-04 03:14:53,0
2022,2020-02-04 03:18:35,0
2023,2020-02-04 03:19:24,0
2024,2020-02-04 03:19:43,0
2025,2020-02-04 03:21:00,0
2026,2020-02-04 03:21:21,0
2027,2020-02-04 03:35:22,0
2028,2020-02-04 03:37:51,0
2029,2020-02-04 03:40:21,0
2030,2020-02-04 03:41:00,0
2031,2020-02-04 03:42:03,0
2032,2020-02-04 04:08:35,0
2033,2020-02-04 04:58:14,0
2034,2020-02-04 05:09:05,0
2035,2020-02-04 05:13:43,0
2036,2020-02-04 05:14:54,0
2037,2020-02-04 05:19:49,0
2038,2020-02-04 05:20:17,0
2039,2020-02-04 05:20:30,0
2040,2020-02-04 05:21:02,0
2041,2020-02-04 05:21:33,0
2042,2020-02-04 05:22:28,0
2043,2020-02-04 05:23:05,0
2044,2020-02-04 05:23:41,0
2045,2020-02-04 05:24:06,0
2046,2020-02-04 05:24:21,0
2047,2020-02-04 05:24:37,0
2048,2020-02-04 05:25:00,0
2049,2020-02-04 07:04:15,0
2050,2020-02-04 08:38:43,0
2051,2020-02-04 08:40:06,0
2052,2020-02-04 08:53:14,0
2053,2020-02-04 08:54:52,0
2054,2020-02-04 09:46:21,0
2055,2020-02-04 09:56:26,0
2056,2020-02-04 10:08:37,0
2057,2020-02-04 10:15:37,0
2058,2020-02-04 10:47:58,0
2059,2020-02-04 10:57:29,0
2060,2020-02-04 12:35:00,0
2061,2020-02-04 12:36:34,0
2062,2020-02-04 12:38:24,0
2063,2020-02-04 14:01:32,0
2064,2020-02-04 16:08:40,0
2065,2020-02-04 16:11:00,0
2066,2020-02-04 16:45:37,0
2067,2020-02-04 22:40:45,0
2068,2020-02-04 22:45:22,0
2069,2020-02-04 23:05:50,0
2070,2020-02-04 23:08:20,0
2071,2020-02-04 23:09:35,0
2072,2020-02-04 23:14:49,0
2073,2020-02-04 23:57:43,0
2074,2020-02-04 23:58:43,0
2075,2020-02-04 23:59:58,0
2076,2020-02-05 00:00:59,0
2077,2020-02-05 00:02:08,0
2078,2020-02-05 01:38:24,0
2079,2020-02-05 02:06:17,0
2080,2020-02-05 02:08:22,0
2081,2020-02-05 02:46:43,0
2082,2020-02-05 02:47:35,0
2083,2020-02-05 02:49:27,0
2084,2020-02-05 02:50:16,0
2085,2020-02-05 02:52:40,0
2086,2020-02-05 02:53:13,0
2087,2020-02-05 02:54:03,0
2088,2020-02-05 02:55:37,0
2089,2020-02-05 02:56:11,0
2090,2020-02-05 02:56:58,0
2091,2020-02-05 02:57:52,0
2092,2020-02-05 02:58:39,0
2093,2020-02-05 03:05:26,0
2094,2020-02-05 03:29:06,0
2095,2020-02-05 03:33:17,0
2096,2020-02-05 03:45:13,0
2097,2020-02-05 03:46:16,0
2098,2020-02-05 04:41:38,0
2099,2020-02-05 04:42:44,0
2100,2020-02-05 04:50:26,0
2101,2020-02-05 04:57:12,0
2102,2020-02-05 05:04:32,0
2103,2020-02-05 06:09:58,0
2104,2020-02-05 06:23:34,0
2105,2020-02-05 07:13:35,0
2106,2020-02-05 07:16:18,0
2107,2020-02-05 07:28:58,0
2108,2020-02-05 07:29:35,0
2109,2020-02-05 07:30:01,0
2110,2020-02-05 07:32:32,0
2111,2020-02-05 07:33:13,0
2112,2020-02-05 07:34:24,0
2113,2020-02-05 07:41:52,0
2114,2020-02-05 07:43:46,0
2115,2020-02-05 07:49:49,0
2116,2020-02-05 08:06:15,0
2117,2020-02-05 08:24:21,0
2118,2020-02-05 08:37:40,0
2119,2020-02-05 08:45:14,0
2120,2020-02-05 09:42:50,0
2121,2020-02-05 11:14:03,0
2122,2020-02-05 11:38:40,0
2123,2020-02-05 12:10:35,0
2124,2020-02-05 13:01:34,0
2125,2020-02-05 13:02:59,0
2126,2020-02-05 13:29:48,0
2127,2020-02-05 13:55:44,0
2128,2020-02-05 14:50:56,0
2129,2020-02-05 14:55:18,0
2130,2020-02-05 14:55:23,0
2131,2020-02-05 14:56:33,0
2132,2020-02-05 14:58:03,0
2133,2020-02-05 14:58:35,0
2134,2020-02-05 14:58:42,0
2135,2020-02-05 16:36:39,0
2136,2020-02-05 16:37:14,0
2137,2020-02-05 17:18:13,0
2138,2020-02-05 17:24:52,0
2139,2020-02-05 21:06:38,0
2140,2020-02-05 21:12:37,0
2141,2020-02-05 21:18:57,0
2142,2020-02-05 21:21:17,0
2143,2020-02-05 21:23:33,0
2144,2020-02-05 21:29:43,0
2145,2020-02-05 21:36:47,0
2146,2020-02-05 21:37:47,0
2147,2020-02-05 22:05:04,0
2148,2020-02-05 22:44:17,0
2149,2020-02-05 22:48:02,0
2150,2020-02-05 22:57:42,0
2151,2020-02-05 23:06:45,0
2152,2020-02-05 23:22:45,0
2153,2020-02-05 23:23:30,0
2154,2020-02-05 23:29:44,0
2155,2020-02-05 23:30:30,0
2156,2020-02-05 23:31:14,0
2157,2020-02-05 23:31:53,0
2158,2020-02-05 23:33:57,0
2159,2020-02-05 23:34:43,0
2160,2020-02-06 00:35:52,0
2161,2020-02-06 01:39:38,0
2162,2020-02-06 02:48:14,0
2163,2020-02-06 03:36:34,0
2164,2020-02-06 04:00:22,0
2165,2020-02-06 04:01:31,0
2166,2020-02-06 04:02:41,0
2167,2020-02-06 04:05:11,0
2168,2020-02-06 04:06:58,0
2169,2020-02-06 04:29:45,0
2170,2020-02-06 06:20:39,0
2171,2020-02-06 07:59:34,0
2172,2020-02-06 08:00:50,0
2173,2020-02-06 08:01:53,0
2174,2020-02-06 08:02:43,0
2175,2020-02-06 08:04:35,0
2176,2020-02-06 08:32:43,0
2177,2020-02-06 08:34:10,0
2178,2020-02-06 08:36:11,0
2179,2020-02-06 08:38:09,0
2180,2020-02-06 08:40:01,0
2181,2020-02-06 08:41:27,0
2182,2020-02-06 08:43:14,0
2183,2020-02-06 08:50:32,0
2184,2020-02-06 09:55:33,0
2185,2020-02-06 09:56:46,0
2186,2020-02-06 10:01:17,0
2187,2020-02-06 10:09:17,0
2188,2020-02-06 10:12:05,0
2189,2020-02-06 10:13:57,0
2190,2020-02-06 10:15:11,1
2191,2020-02-06 10:16:51,0
2192,2020-02-06 11:22:25,0
2193,2020-02-06 11:53:11,0
2194,2020-02-06 11:55:28,0
2195,2020-02-06 12:00:27,0
2196,2020-02-06 12:14:17,0
2197,2020-02-06 12:42:29,0
2198,2020-02-06 12:47:02,0
2199,2020-02-06 12:47:51,0
2200,2020-02-06 12:49:42,0
2201,2020-02-06 12:58:35,0
2202,2020-02-06 12:59:16,0
2203,2020-02-06 13:07:12,0
2204,2020-02-06 13:16:37,0
2205,2020-02-06 13:20:27,0
2206,2020-02-06 13:20:50,0
2207,2020-02-06 13:26:03,0
2208,2020-02-06 13:46:25,0
2209,2020-02-06 22:02:42,0
2210,2020-02-06 22:40:29,0
2211,2020-02-06 22:50:45,0
2212,2020-02-06 22:58:19,0
2213,2020-02-06 23:06:54,0
2214,2020-02-06 23:11:56,0
2215,2020-02-07 01:11:56,0
2216,2020-02-07 01:13:16,0
2217,2020-02-07 01:15:13,0
2218,2020-02-07 01:16:18,0
2219,2020-02-07 01:17:07,0
2220,2020-02-07 01:20:58,0
2221,2020-02-07 01:24:12,0
2222,2020-02-07 02:59:00,0
2223,2020-02-07 03:00:52,0
2224,2020-02-07 03:17:08,0
2225,2020-02-07 04:08:02,0
2226,2020-02-07 04:08:46,0
2227,2020-02-07 04:10:27,0
2228,2020-02-07 04:18:55,0
2229,2020-02-07 04:20:45,0
2230,2020-02-07 04:23:18,0
2231,2020-02-07 04:25:03,0
2232,2020-02-07 04:44:23,0
2233,2020-02-07 04:48:41,0
2234,2020-02-07 04:49:19,0
2235,2020-02-07 04:53:24,0
2236,2020-02-07 04:55:54,0
2237,2020-02-07 05:01:51,0
2238,2020-02-07 05:09:02,0
2239,2020-02-07 05:17:02,0
2240,2020-02-07 05:30:12,0
2241,2020-02-07 05:31:08,0
2242,2020-02-07 05:32:07,0
2243,2020-02-07 05:32:45,0
2244,2020-02-07 05:34:10,0
2245,2020-02-07 05:34:53,0
2246,2020-02-07 05:36:36,0
2247,2020-02-07 05:37:19,0
2248,2020-02-07 05:39:06,0
2249,2020-02-07 05:39:41,0
2250,2020-02-07 08:06:31,0
2251,2020-02-07 09:00:18,0
2252,2020-02-07 09:07:52,0
2253,2020-02-07 10:13:05,0
2254,2020-02-07 10:24:28,0
2255,2020-02-07 11:16:37,0
2256,2020-02-07 11:18:02,0
2257,2020-02-07 11:49:18,0
2258,2020-02-07 12:10:01,0
2259,2020-02-07 12:18:23,0
2260,2020-02-07 12:41:16,0
2261,2020-02-07 12:48:50,0
2262,2020-02-07 12:52:55,0
2263,2020-02-07 12:57:17,0
2264,2020-02-07 12:58:43,0
2265,2020-02-07 13:03:33,0
2266,2020-02-07 13:06:46,0
2267,2020-02-07 13:07:52,0
2268,2020-02-07 13:09:43,0
2269,2020-02-07 13:10:30,0
2270,2020-02-07 13:13:35,0
2271,2020-02-07 13:15:57,0
2272,2020-02-07 13:32:56,1
2273,2020-02-07 13:46:44,0
2274,2020-02-07 14:26:45,0
2275,2020-02-07 15:53:10,0
2276,2020-02-07 22:38:06,0
2277,2020-02-07 22:38:41,0
2278,2020-02-07 22:40:45,0
2279,2020-02-07 23:02:42,0
2280,2020-02-07 23:03:31,0
2281,2020-02-07 23:04:08,0
2282,2020-02-07 23:06:16,0
2283,2020-02-07 23:13:34,0
2284,2020-02-07 23:14:45,0
2285,2020-02-07 23:21:43,0
2286,2020-02-08 01:02:33,0
2287,2020-02-08 01:27:39,0
2288,2020-02-08 02:10:13,0
2289,2020-02-08 02:18:01,0
2290,2020-02-08 02:23:45,0
2291,2020-02-08 03:00:26,0
2292,2020-02-08 03:03:20,0
2293,2020-02-08 03:44:26,0
2294,2020-02-08 04:22:29,0
2295,2020-02-08 04:25:01,0
2296,2020-02-08 04:27:30,0
2297,2020-02-08 04:38:16,0
2298,2020-02-08 04:50:26,0
2299,2020-02-08 05:15:06,0
2300,2020-02-08 05:15:28,0
2301,2020-02-08 05:35:35,0
2302,2020-02-08 05:46:07,0
2303,2020-02-08 05:50:38,0
2304,2020-02-08 06:11:37,0
2305,2020-02-08 06:12:37,0
2306,2020-02-08 06:43:16,0
2307,2020-02-08 06:47:43,0
2308,2020-02-08 06:50:15,0
2309,2020-02-08 06:56:16,0
2310,2020-02-08 07:01:29,0
2311,2020-02-08 07:08:22,0
2312,2020-02-08 07:09:08,0
2313,2020-02-08 07:14:39,0
2314,2020-02-08 07:15:22,0
2315,2020-02-08 07:20:04,0
2316,2020-02-08 07:20:32,0
2317,2020-02-08 09:13:24,0
2318,2020-02-08 09:39:44,0
2319,2020-02-08 11:05:42,0
2320,2020-02-08 11:07:12,0
2321,2020-02-08 11:08:13,0
2322,2020-02-08 11:08:39,0
2323,2020-02-08 11:10:21,0
2324,2020-02-08 11:10:55,0
2325,2020-02-08 11:12:20,0
2326,2020-02-08 11:13:21,0
2327,2020-02-08 11:14:21,0
2328,2020-02-08 11:28:34,0
2329,2020-02-08 11:30:24,0
2330,2020-02-08 13:28:38,0
2331,2020-02-08 14:46:05,0
2332,2020-02-08 15:37:56,0
2333,2020-02-08 15:38:49,0
2334,2020-02-08 19:21:39,0
2335,2020-02-08 19:25:39,0
2336,2020-02-08 19:27:19,0
2337,2020-02-08 19:29:12,0
2338,2020-02-08 19:32:54,0
2339,2020-02-08 19:37:46,0
2340,2020-02-08 19:38:48,0
2341,2020-02-08 19:43:34,0
2342,2020-02-08 20:49:31,0
2343,2020-02-08 21:40:01,0
2344,2020-02-08 23:00:22,0
2345,2020-02-09 00:15:07,0
2346,2020-02-09 02:08:13,0
2347,2020-02-09 02:27:35,0
2348,2020-02-09 03:31:32,0
2349,2020-02-09 04:49:24,0
2350,2020-02-09 05:06:57,0
2351,2020-02-09 05:07:28,0
2352,2020-02-09 05:08:17,0
2353,2020-02-09 05:19:45,0
2354,2020-02-09 06:55:02,0
2355,2020-02-09 07:09:16,0
2356,2020-02-09 07:15:56,0
2357,2020-02-09 07:24:19,0
2358,2020-02-09 07:28:44,0
2359,2020-02-09 08:57:52,0
2360,2020-02-09 09:14:16,0
2361,2020-02-09 09:37:43,0
2362,2020-02-09 10:04:04,0
2363,2020-02-09 10:05:10,0
2364,2020-02-09 10:06:25,0
2365,2020-02-09 10:07:09,0
2366,2020-02-09 10:07:49,0
2367,2020-02-09 10:08:49,0
2368,2020-02-09 10:10:47,0
2369,2020-02-09 10:11:46,0
2370,2020-02-09 10:12:36,0
2371,2020-02-09 10:13:07,0
2372,2020-02-09 10:14:06,0
2373,2020-02-09 10:23:48,0
2374,2020-02-09 10:30:10,0
2375,2020-02-09 10:42:26,0
2376,2020-02-09 11:28:19,0
2377,2020-02-09 11:56:09,0
2378,2020-02-09 11:57:02,0
2379,2020-02-09 12:02:44,0
2380,2020-02-09 12:04:35,0
2381,2020-02-09 12:51:28,0
2382,2020-02-09 12:54:55,0
2383,2020-02-09 12:56:33,0
2384,2020-02-09 13:13:17,0
2385,2020-02-09 13:33:09,0
2386,2020-02-09 13:52:54,0
2387,2020-02-09 14:01:13,0
2388,2020-02-09 14:21:14,1
2389,2020-02-09 14:22:37,0
2390,2020-02-09 14:57:50,0
2391,2020-02-09 14:59:34,0
2392,2020-02-09 15:15:06,0
2393,2020-02-09 15:16:20,0
2394,2020-02-09 15:20:04,0
2395,2020-02-09 15:20:55,0
2396,2020-02-09 15:24:23,0
2397,2020-02-09 15:25:45,0
2398,2020-02-09 15:26:21,0
2399,2020-02-09 19:56:12,0
2400,2020-02-09 19:57:36,0
2401,2020-02-10 00:18:16,0
2402,2020-02-10 00:59:50,0
2403,2020-02-10 00:59:58,0
2404,2020-02-10 01:37:17,0
2405,2020-02-10 01:38:12,0
2406,2020-02-10 02:31:43,0
2407,2020-02-10 03:04:38,0
2408,2020-02-10 04:18:32,0
2409,2020-02-10 04:19:39,0
2410,2020-02-10 04:20:58,0
2411,2020-02-10 04:22:08,0
2412,2020-02-10 04:34:34,0
2413,2020-02-10 04:36:23,0
2414,2020-02-10 04:36:27,0
2415,2020-02-10 04:43:32,0
2416,2020-02-10 04:45:17,0
2417,2020-02-10 06:12:46,0
2418,2020-02-10 06:15:43,0
2419,2020-02-10 06:55:46,0
2420,2020-02-10 06:55:48,0
2421,2020-02-10 06:57:31,0
2422,2020-02-10 07:07:14,0
2423,2020-02-10 07:18:04,0
2424,2020-02-10 07:31:52,0
2425,2020-02-10 07:33:24,0
2426,2020-02-10 08:00:57,0
2427,2020-02-10 08:05:13,0
2428,2020-02-10 08:06:24,0
2429,2020-02-10 08:09:09,0
2430,2020-02-10 08:09:25,0
2431,2020-02-10 08:12:31,0
2432,2020-02-10 09:09:28,0
2433,2020-02-10 09:13:37,0
2434,2020-02-10 09:22:10,0
2435,2020-02-10 09:23:41,0
2436,2020-02-10 09:25:48,0
2437,2020-02-10 10:11:25,0
2438,2020-02-10 10:20:48,0
2439,2020-02-10 10:21:34,0
2440,2020-02-10 10:22:23,0
2441,2020-02-10 10:37:03,0
2442,2020-02-10 12:01:44,0
2443,2020-02-10 12:04:29,0
2444,2020-02-10 12:08:14,0
2445,2020-02-10 12:15:53,0
2446,2020-02-10 12:59:23,0
2447,2020-02-10 13:45:12,0
2448,2020-02-10 13:45:30,0
2449,2020-02-10 14:16:01,0
2450,2020-02-10 14:17:50,0
2451,2020-02-10 14:19:07,0
2452,2020-02-10 15:33:34,0
2453,2020-02-10 16:03:14,0
2454,2020-02-10 16:08:16,0
2455,2020-02-10 16:29:12,0
2456,2020-02-10 17:50:40,0
2457,2020-02-10 18:16:15,0
2458,2020-02-10 22:38:09,0
2459,2020-02-10 23:16:23,0
2460,2020-02-10 23:35:36,0
2461,2020-02-10 23:36:59,0
2462,2020-02-10 23:38:45,0
2463,2020-02-10 23:42:26,0
2464,2020-02-11 00:09:58,0
2465,2020-02-11 00:40:51,0
2466,2020-02-11 00:46:47,0
2467,2020-02-11 01:01:49,0
2468,2020-02-11 01:06:10,0
2469,2020-02-11 01:32:23,0
2470,2020-02-11 01:45:55,0
2471,2020-02-11 01:59:51,0
2472,2020-02-11 02:00:32,0
2473,2020-02-11 02:07:39,0
2474,2020-02-11 02:47:27,0
2475,2020-02-11 02:48:29,0
2476,2020-02-11 02:49:14,0
2477,2020-02-11 02:50:07,0
2478,2020-02-11 02:51:15,0
2479,2020-02-11 02:52:15,0
2480,2020-02-11 02:59:38,0
2481,2020-02-11 03:02:19,0
2482,2020-02-11 03:03:56,0
2483,2020-02-11 03:05:14,0
2484,2020-02-11 03:05:37,0
2485,2020-02-11 03:12:22,0
2486,2020-02-11 03:14:06,0
2487,2020-02-11 03:22:47,0
2488,2020-02-11 03:40:58,0
2489,2020-02-11 03:52:20,0
2490,2020-02-11 03:54:56,0
2491,2020-02-11 04:01:46,0
2492,2020-02-11 04:04:22,0
2493,2020-02-11 04:08:58,0
2494,2020-02-11 04:18:50,0
2495,2020-02-11 05:26:06,0
2496,2020-02-11 05:31:12,0
2497,2020-02-11 05:33:19,0
2498,2020-02-11 05:37:17,0
2499,2020-02-11 06:02:23,0
2500,2020-02-11 07:10:26,0
2501,2020-02-11 07:18:31,0
2502,2020-02-11 07:42:45,0
2503,2020-02-11 07:53:51,0
2504,2020-02-11 08:06:37,0
2505,2020-02-11 08:13:51,0
2506,2020-02-11 08:21:09,0
2507,2020-02-11 08:21:34,0
2508,2020-02-11 08:42:16,0
2509,2020-02-11 09:09:57,0
2510,2020-02-11 09:10:42,0
2511,2020-02-11 09:12:07,0
2512,2020-02-11 09:13:09,0
2513,2020-02-11 09:14:47,0
2514,2020-02-11 09:42:12,0
2515,2020-02-11 09:44:12,0
2516,2020-02-11 09:46:02,0
2517,2020-02-11 09:46:29,0
2518,2020-02-11 09:47:06,0
2519,2020-02-11 09:47:21,0
2520,2020-02-11 09:48:06,0
2521,2020-02-11 09:48:50,0
2522,2020-02-11 09:49:31,0
2523,2020-02-11 09:49:33,0
2524,2020-02-11 09:58:25,0
2525,2020-02-11 10:01:20,0
2526,2020-02-11 10:06:53,0
2527,2020-02-11 11:01:34,0
2528,2020-02-11 11:52:20,0
2529,2020-02-11 12:01:09,0
2530,2020-02-11 12:11:12,0
2531,2020-02-11 12:13:10,0
2532,2020-02-11 12:15:05,0
2533,2020-02-11 12:16:46,0
2534,2020-02-11 12:17:26,0
2535,2020-02-11 12:30:45,0
2536,2020-02-11 12:43:14,0
2537,2020-02-11 12:46:39,0
2538,2020-02-11 12:55:20,0
2539,2020-02-11 13:09:19,0
2540,2020-02-11 13:16:05,0
2541,2020-02-11 13:22:39,0
2542,2020-02-11 14:05:25,0
2543,2020-02-11 14:19:55,0
2544,2020-02-11 15:45:41,0
2545,2020-02-11 19:02:21,0
2546,2020-02-11 19:04:11,0
2547,2020-02-11 19:05:57,0
2548,2020-02-11 21:59:52,0
2549,2020-02-12 00:41:22,0
2550,2020-02-12 00:50:02,0
2551,2020-02-12 00:59:31,0
2552,2020-02-12 01:08:02,0
2553,2020-02-12 01:09:25,0
2554,2020-02-12 01:10:28,1
2555,2020-02-12 01:26:18,0
2556,2020-02-12 01:38:05,0
2557,2020-02-12 01:44:19,0
2558,2020-02-12 02:15:41,0
2559,2020-02-12 02:16:47,0
2560,2020-02-12 02:17:01,0
2561,2020-02-12 02:17:31,0
2562,2020-02-12 02:18:39,0
2563,2020-02-12 02:19:44,0
2564,2020-02-12 02:48:55,0
2565,2020-02-12 02:55:44,0
2566,2020-02-12 03:25:29,0
2567,2020-02-12 03:27:13,0
2568,2020-02-12 03:31:00,0
2569,2020-02-12 03:31:20,0
2570,2020-02-12 03:32:24,0
2571,2020-02-12 03:34:13,0
2572,2020-02-12 03:35:05,0
2573,2020-02-12 03:36:28,0
2574,2020-02-12 03:45:54,0
2575,2020-02-12 03:47:04,0
2576,2020-02-12 03:48:43,0
2577,2020-02-12 03:49:32,0
2578,2020-02-12 03:49:40,0
2579,2020-02-12 03:56:18,0
2580,2020-02-12 04:46:14,0
2581,2020-02-12 04:47:38,0
2582,2020-02-12 04:49:42,0
2583,2020-02-12 04:51:57,0
2584,2020-02-12 05:13:15,0
2585,2020-02-12 05:29:13,0
2586,2020-02-12 06:10:03,0
2587,2020-02-12 06:52:14,0
2588,2020-02-12 07:20:24,0
2589,2020-02-12 07:21:06,0
2590,2020-02-12 07:50:19,0
2591,2020-02-12 07:51:09,0
2592,2020-02-12 07:52:06,0
2593,2020-02-12 07:53:39,0
2594,2020-02-12 07:56:02,0
2595,2020-02-12 07:58:04,0
2596,2020-02-12 08:16:12,0
2597,2020-02-12 08:22:20,0
2598,2020-02-12 09:32:37,0
2599,2020-02-12 10:05:17,0
2600,2020-02-12 11:01:52,0
2601,2020-02-12 11:05:57,0
2602,2020-02-12 11:09:29,0
2603,2020-02-12 11:10:42,0
2604,2020-02-12 11:11:50,0
2605,2020-02-12 11:12:44,0
2606,2020-02-12 11:15:09,0
2607,2020-02-12 12:16:23,0
2608,2020-02-12 12:40:43,0
2609,2020-02-12 12:43:19,0
2610,2020-02-12 12:59:30,0
2611,2020-02-12 13:04:26,0
2612,2020-02-12 13:05:29,0
2613,2020-02-12 14:14:41,0
2614,2020-02-12 14:16:25,0
2615,2020-02-12 14:17:24,0
2616,2020-02-12 15:05:32,0
2617,2020-02-12 15:12:25,0
2618,2020-02-12 15:18:49,0
2619,2020-02-12 15:25:43,0
2620,2020-02-12 15:31:06,0
2621,2020-02-12 15:32:14,0
2622,2020-02-12 15:33:01,0
2623,2020-02-12 15:33:59,0
2624,2020-02-12 15:42:01,0
2625,2020-02-12 15:48:55,0
2626,2020-02-12 15:50:05,0
2627,2020-02-12 15:52:09,0
2628,2020-02-12 15:56:02,0
2629,2020-02-12 16:04:01,0
2630,2020-02-12 16:25:43,0
2631,2020-02-12 16:56:05,0
2632,2020-02-12 21:10:07,0
2633,2020-02-12 21:28:20,0
2634,2020-02-12 21:33:20,0
2635,2020-02-12 22:19:00,0
2636,2020-02-13 00:29:35,0
2637,2020-02-13 01:12:25,0
2638,2020-02-13 01:20:35,0
2639,2020-02-13 01:38:46,0
2640,2020-02-13 01:48:00,0
2641,2020-02-13 01:49:33,0
2642,2020-02-13 01:50:25,0
2643,2020-02-13 01:51:16,0
2644,2020-02-13 01:51:47,0
2645,2020-02-13 01:52:53,0
2646,2020-02-13 01:53:10,0
2647,2020-02-13 01:59:08,0
2648,2020-02-13 02:07:08,0
2649,2020-02-13 02:08:23,0
2650,2020-02-13 02:10:09,0
2651,2020-02-13 02:13:03,0
2652,2020-02-13 02:13:24,0
2653,2020-02-13 02:34:05,0
2654,2020-02-13 02:37:04,0
2655,2020-02-13 02:50:32,0
2656,2020-02-13 02:59:34,0
2657,2020-02-13 03:12:21,0
2658,2020-02-13 03:15:07,0
2659,2020-02-13 03:16:46,0
2660,2020-02-13 03:22:40,0
2661,2020-02-13 03:25:00,0
2662,2020-02-13 03:46:56,0
2663,2020-02-13 03:50:02,0
2664,2020-02-13 04:02:23,0
2665,2020-02-13 04:03:54,0
2666,2020-02-13 04:56:09,0
2667,2020-02-13 05:03:14,0
2668,2020-02-13 05:03:55,0
2669,2020-02-13 05:07:21,0
2670,2020-02-13 05:13:15,0
2671,2020-02-13 05:28:08,0
2672,2020-02-13 05:46:40,0
2673,2020-02-13 06:07:38,0
2674,2020-02-13 06:08:54,0
2675,2020-02-13 06:10:20,0
2676,2020-02-13 06:37:45,0
2677,2020-02-13 06:47:17,0
2678,2020-02-13 06:51:18,0
2679,2020-02-13 06:52:37,0
2680,2020-02-13 06:53:22,0
2681,2020-02-13 07:05:32,0
2682,2020-02-13 07:25:47,0
2683,2020-02-13 07:41:49,0
2684,2020-02-13 08:13:29,0
2685,2020-02-13 08:14:17,0
2686,2020-02-13 08:15:00,0
2687,2020-02-13 08:27:37,0
2688,2020-02-13 08:28:06,0
2689,2020-02-13 08:29:29,0
2690,2020-02-13 08:40:41,0
2691,2020-02-13 08:41:24,0
2692,2020-02-13 08:42:13,0
2693,2020-02-13 08:43:07,0
2694,2020-02-13 09:02:20,0
2695,2020-02-13 09:54:40,0
2696,2020-02-13 10:05:52,0
2697,2020-02-13 10:20:05,0
2698,2020-02-13 10:24:54,0
2699,2020-02-13 10:41:18,0
2700,2020-02-13 10:42:44,0
2701,2020-02-13 10:58:40,0
2702,2020-02-13 11:29:30,0
2703,2020-02-13 11:35:25,0
2704,2020-02-13 11:45:15,0
2705,2020-02-13 11:52:56,0
2706,2020-02-13 12:26:48,0
2707,2020-02-13 12:28:18,0
2708,2020-02-13 12:34:07,0
2709,2020-02-13 12:43:04,0
2710,2020-02-13 14:14:14,0
2711,2020-02-13 14:15:12,0
2712,2020-02-13 14:19:39,0
2713,2020-02-13 14:47:03,0
2714,2020-02-13 15:07:58,0
2715,2020-02-13 15:09:04,0
2716,2020-02-13 16:08:35,0
2717,2020-02-13 23:02:08,0
2718,2020-02-13 23:08:34,0
2719,2020-02-13 23:09:37,0
2720,2020-02-13 23:10:18,0
2721,2020-02-13 23:13:42,0
2722,2020-02-13 23:14:43,0
2723,2020-02-13 23:18:53,0
2724,2020-02-13 23:20:13,0
2725,2020-02-13 23:21:31,0
2726,2020-02-13 23:54:58,0
2727,2020-02-14 00:25:55,0
2728,2020-02-14 00:26:20,0
2729,2020-02-14 00:30:10,0
2730,2020-02-14 00:35:03,0
2731,2020-02-14 00:51:54,0
2732,2020-02-14 00:52:54,0
2733,2020-02-14 00:53:37,0
2734,2020-02-14 00:54:13,0
2735,2020-02-14 01:06:35,0
2736,2020-02-14 01:06:35,0
2737,2020-02-14 01:06:35,0
2738,2020-02-14 01:15:38,0
2739,2020-02-14 01:25:35,0
2740,2020-02-14 01:42:38,0
2741,2020-02-14 01:59:35,0
2742,2020-02-14 02:51:51,0
2743,2020-02-14 02:52:23,0
2744,2020-02-14 02:59:34,0
2745,2020-02-14 06:00:39,0
2746,2020-02-14 06:06:37,0
2747,2020-02-14 06:17:30,0
2748,2020-02-14 07:05:37,0
2749,2020-02-14 07:18:25,0
2750,2020-02-14 07:22:16,0
2751,2020-02-14 07:55:10,0
2752,2020-02-14 08:11:16,0
2753,2020-02-14 08:19:46,0
2754,2020-02-14 09:58:49,0
2755,2020-02-14 10:37:32,0
2756,2020-02-14 11:43:13,0
2757,2020-02-14 11:43:45,0
2758,2020-02-14 11:44:56,0
2759,2020-02-14 11:45:46,0
2760,2020-02-14 11:46:49,0
2761,2020-02-14 11:48:15,0
2762,2020-02-14 12:30:31,0
2763,2020-02-14 12:31:07,0
2764,2020-02-14 12:32:14,0
2765,2020-02-14 12:47:59,0
2766,2020-02-14 13:29:38,0
2767,2020-02-14 14:50:09,0
2768,2020-02-14 15:11:36,0
2769,2020-02-14 15:38:50,0
2770,2020-02-14 16:21:06,0
2771,2020-02-14 16:35:59,0
2772,2020-02-14 16:54:12,0
2773,2020-02-14 17:04:44,0
2774,2020-02-15 01:12:31,0
2775,2020-02-15 01:13:28,0
2776,2020-02-15 01:15:17,0
2777,2020-02-15 01:16:18,0
2778,2020-02-15 01:17:18,0
2779,2020-02-15 01:18:34,0
2780,2020-02-15 01:20:01,1
2781,2020-02-15 01:36:18,0
2782,2020-02-15 02:12:55,0
2783,2020-02-15 02:13:26,0
2784,2020-02-15 02:14:58,0
2785,2020-02-15 02:17:19,0
2786,2020-02-15 03:27:32,0
2787,2020-02-15 03:28:20,0
2788,2020-02-15 03:28:48,0
2789,2020-02-15 03:29:13,0
2790,2020-02-15 03:30:03,0
2791,2020-02-15 03:30:44,0
2792,2020-02-15 03:31:10,0
2793,2020-02-15 03:31:48,0
2794,2020-02-15 03:32:49,0
2795,2020-02-15 03:34:46,0
2796,2020-02-15 03:36:08,0
2797,2020-02-15 03:37:48,0
2798,2020-02-15 03:49:20,0
2799,2020-02-15 03:49:48,0
2800,2020-02-15 04:35:40,0
2801,2020-02-15 04:45:18,0
2802,2020-02-15 04:58:51,0
2803,2020-02-15 05:09:16,0
2804,2020-02-15 05:14:24,0
2805,2020-02-15 05:57:51,0
2806,2020-02-15 06:00:11,0
2807,2020-02-15 06:12:41,0
2808,2020-02-15 06:16:08,0
2809,2020-02-15 06:35:42,0
2810,2020-02-15 06:49:49,0
2811,2020-02-15 07:41:46,0
2812,2020-02-15 08:33:23,0
2813,2020-02-15 09:04:29,0
2814,2020-02-15 09:43:13,0
2815,2020-02-15 11:47:38,0
2816,2020-02-15 11:53:22,0
2817,2020-02-15 12:04:43,0
2818,2020-02-15 12:23:06,0
2819,2020-02-15 12:24:15,0
2820,2020-02-15 12:35:13,0
2821,2020-02-15 12:46:20,0
2822,2020-02-15 13:26:02,0
2823,2020-02-15 13:34:04,0
2824,2020-02-15 13:47:07,0
2825,2020-02-15 13:48:07,0
2826,2020-02-15 13:49:02,0
2827,2020-02-15 13:50:34,0
2828,2020-02-15 13:52:10,0
2829,2020-02-15 13:54:36,0
2830,2020-02-15 13:57:07,0
2831,2020-02-15 13:59:15,0
2832,2020-02-15 14:01:12,0
2833,2020-02-15 14:01:24,0
2834,2020-02-15 15:06:42,0
2835,2020-02-15 15:34:55,0
2836,2020-02-15 15:48:15,0
2837,2020-02-15 15:50:39,0
2838,2020-02-15 15:57:25,0
2839,2020-02-15 15:59:34,0
2840,2020-02-15 16:01:21,0
2841,2020-02-15 16:02:51,0
2842,2020-02-15 16:23:27,0
2843,2020-02-15 17:56:29,0
2844,2020-02-15 18:00:44,0
2845,2020-02-15 18:07:20,0
2846,2020-02-15 18:08:40,0
2847,2020-02-15 18:09:08,0
2848,2020-02-15 18:09:23,0
2849,2020-02-15 18:10:52,0
2850,2020-02-15 18:11:30,0
2851,2020-02-15 18:12:56,0
2852,2020-02-15 18:13:15,0
2853,2020-02-15 18:13:48,0
2854,2020-02-15 18:14:08,0
2855,2020-02-15 22:34:25,0
2856,2020-02-15 22:44:04,0
2857,2020-02-15 22:56:12,0
2858,2020-02-15 23:52:43,0
2859,2020-02-16 00:41:18,0
2860,2020-02-16 01:25:49,0
2861,2020-02-16 01:35:39,0
2862,2020-02-16 01:37:28,0
2863,2020-02-16 01:47:18,0
2864,2020-02-16 01:48:21,0
2865,2020-02-16 02:01:19,0
2866,2020-02-16 02:15:14,0
2867,2020-02-16 03:03:14,0
2868,2020-02-16 03:35:43,0
2869,2020-02-16 03:45:04,0
2870,2020-02-16 03:49:17,0
2871,2020-02-16 03:50:34,0
2872,2020-02-16 03:56:31,0
2873,2020-02-16 04:09:42,0
2874,2020-02-16 05:05:14,0
2875,2020-02-16 05:39:58,0
2876,2020-02-16 05:54:12,0
2877,2020-02-16 06:25:46,0
2878,2020-02-16 07:05:46,0
2879,2020-02-16 07:17:49,0
2880,2020-02-16 07:22:27,0
2881,2020-02-16 07:39:45,0
2882,2020-02-16 09:20:39,0
2883,2020-02-16 09:21:32,0
2884,2020-02-16 10:36:05,0
2885,2020-02-16 11:02:23,0
2886,2020-02-16 11:57:27,0
2887,2020-02-16 12:09:07,1
2888,2020-02-16 12:42:32,0
2889,2020-02-16 13:11:00,0
2890,2020-02-16 14:19:18,0
2891,2020-02-16 14:19:51,0
2892,2020-02-16 14:20:28,0
2893,2020-02-16 14:21:06,0
2894,2020-02-16 14:22:49,0
2895,2020-02-16 14:23:46,0
2896,2020-02-16 14:24:31,0
2897,2020-02-16 14:26:21,0
2898,2020-02-16 14:26:53,0
2899,2020-02-16 14:27:56,0
2900,2020-02-16 14:56:40,0
2901,2020-02-16 15:02:34,0
2902,2020-02-16 15:03:09,0
2903,2020-02-16 15:35:13,0
2904,2020-02-16 15:44:22,0
2905,2020-02-16 21:56:41,0
2906,2020-02-17 00:25:57,0
2907,2020-02-17 00:58:31,0
2908,2020-02-17 01:01:12,0
2909,2020-02-17 01:02:38,0
2910,2020-02-17 01:04:07,0
2911,2020-02-17 01:06:03,0
2912,2020-02-17 01:12:14,0
2913,2020-02-17 01:51:08,0
2914,2020-02-17 02:59:58,0
2915,2020-02-17 03:31:20,0
2916,2020-02-17 04:08:48,0
2917,2020-02-17 04:08:49,0
2918,2020-02-17 04:23:28,0
2919,2020-02-17 04:53:39,0
2920,2020-02-17 06:08:08,0
2921,2020-02-17 06:39:44,0
2922,2020-02-17 07:05:54,0
2923,2020-02-17 07:20:19,0
2924,2020-02-17 07:30:12,0
2925,2020-02-17 08:34:59,0
2926,2020-02-17 09:01:20,0
2927,2020-02-17 09:33:00,0
2928,2020-02-17 09:40:40,0
2929,2020-02-17 10:08:55,0
2930,2020-02-17 10:09:23,0
2931,2020-02-17 10:10:00,0
2932,2020-02-17 10:10:39,0
2933,2020-02-17 10:11:06,0
2934,2020-02-17 10:11:46,0
2935,2020-02-17 10:12:29,0
2936,2020-02-17 10:13:04,0
2937,2020-02-17 10:13:48,0
2938,2020-02-17 10:15:03,0
2939,2020-02-17 10:17:04,0
2940,2020-02-17 10:26:04,0
2941,2020-02-17 10:35:45,0
2942,2020-02-17 10:45:22,0
2943,2020-02-17 10:48:37,0
2944,2020-02-17 11:26:52,0
2945,2020-02-17 11:57:50,0
2946,2020-02-17 12:24:57,0
2947,2020-02-17 12:25:29,0
2948,2020-02-17 12:26:19,0
2949,2020-02-17 12:27:06,0
2950,2020-02-17 12:27:59,0
2951,2020-02-17 12:56:30,0
2952,2020-02-17 12:58:53,0
2953,2020-02-17 13:07:37,0
2954,2020-02-17 13:24:56,0
2955,2020-02-17 13:31:21,0
2956,2020-02-17 14:54:25,0
2957,2020-02-17 15:32:16,0
2958,2020-02-17 15:54:30,0
2959,2020-02-17 16:00:07,0
2960,2020-02-17 20:59:38,0
2961,2020-02-17 21:44:01,0
2962,2020-02-17 22:14:20,0
2963,2020-02-17 22:24:29,0
2964,2020-02-18 00:18:13,0
2965,2020-02-18 01:58:33,0
2966,2020-02-18 02:51:51,0
2967,2020-02-18 03:11:44,0
2968,2020-02-18 03:19:31,0
2969,2020-02-18 03:34:09,0
2970,2020-02-18 03:35:13,0
2971,2020-02-18 03:44:04,0
2972,2020-02-18 03:47:17,0
2973,2020-02-18 05:56:54,0
2974,2020-02-18 06:52:55,0
2975,2020-02-18 06:54:06,0
2976,2020-02-18 07:16:26,0
2977,2020-02-18 07:37:50,0
2978,2020-02-18 08:01:56,0
2979,2020-02-18 08:09:22,0
2980,2020-02-18 08:13:14,0
2981,2020-02-18 08:56:54,0
2982,2020-02-18 09:01:42,0
2983,2020-02-18 09:07:05,0
2984,2020-02-18 09:10:50,0
2985,2020-02-18 09:13:09,0
2986,2020-02-18 10:25:59,0
2987,2020-02-18 12:13:43,0
2988,2020-02-18 13:13:31,0
2989,2020-02-18 15:33:49,0
2990,2020-02-18 15:50:21,0
2991,2020-02-18 15:54:59,0
2992,2020-02-18 16:42:08,0
2993,2020-02-18 16:56:04,0
2994,2020-02-18 22:05:42,0
2995,2020-02-18 22:44:29,0
2996,2020-02-18 22:51:41,0
2997,2020-02-18 23:03:04,0
2998,2020-02-19 00:37:11,0
2999,2020-02-19 01:33:39,0
3000,2020-02-19 02:34:38,0
3001,2020-02-19 02:46:33,0
3002,2020-02-19 02:47:31,0
3003,2020-02-19 02:48:43,0
3004,2020-02-19 02:50:15,0
3005,2020-02-19 02:51:13,0
3006,2020-02-19 03:09:21,0
3007,2020-02-19 03:10:28,0
3008,2020-02-19 03:19:45,0
3009,2020-02-19 03:36:01,0
3010,2020-02-19 04:06:20,0
3011,2020-02-19 04:16:40,0
3012,2020-02-19 05:58:53,0
3013,2020-02-19 07:43:42,0
3014,2020-02-19 07:44:20,0
3015,2020-02-19 07:55:33,0
3016,2020-02-19 08:25:41,0
3017,2020-02-19 08:34:29,0
3018,2020-02-19 08:37:23,0
3019,2020-02-19 08:42:18,0
3020,2020-02-19 08:50:02,0
3021,2020-02-19 08:55:09,0
3022,2020-02-19 09:02:20,0
3023,2020-02-19 09:02:51,0
3024,2020-02-19 09:15:00,0
3025,2020-02-19 09:15:59,0
3026,2020-02-19 09:16:25,0
3027,2020-02-19 09:17:42,0
3028,2020-02-19 09:18:58,0
3029,2020-02-19 09:27:13,0
3030,2020-02-19 09:45:23,0
3031,2020-02-19 09:56:11,0
3032,2020-02-19 10:36:10,0
3033,2020-02-19 10:36:52,0
3034,2020-02-19 10:37:31,0
3035,2020-02-19 10:37:59,0
3036,2020-02-19 10:49:54,0
3037,2020-02-19 12:13:12,0
3038,2020-02-19 12:29:22,0
3039,2020-02-19 12:29:22,0
3040,2020-02-19 12:33:20,0
3041,2020-02-19 12:33:46,0
3042,2020-02-19 12:34:57,0
3043,2020-02-19 12:38:36,0
3044,2020-02-19 12:54:28,0
3045,2020-02-19 13:02:59,0
3046,2020-02-19 13:13:42,0
3047,2020-02-19 13:46:09,0
3048,2020-02-19 15:01:19,0
3049,2020-02-19 15:01:29,0
3050,2020-02-19 15:07:01,0
3051,2020-02-19 15:14:39,0
3052,2020-02-19 15:15:32,0
3053,2020-02-19 15:33:01,0
3054,2020-02-19 16:00:53,0
3055,2020-02-19 21:31:53,0
3056,2020-02-19 21:33:34,0
3057,2020-02-19 21:45:59,0
3058,2020-02-19 21:47:11,0
3059,2020-02-19 21:55:37,0
3060,2020-02-19 21:56:00,0
3061,2020-02-19 22:03:06,0
3062,2020-02-19 22:14:02,0
3063,2020-02-19 22:48:46,0
3064,2020-02-19 22:49:53,0
3065,2020-02-19 22:51:25,0
3066,2020-02-19 22:52:00,0
3067,2020-02-19 23:09:22,0
3068,2020-02-19 23:09:52,0
3069,2020-02-19 23:53:08,0
3070,2020-02-19 23:53:49,0
3071,2020-02-19 23:55:14,0
3072,2020-02-20 00:56:30,0
3073,2020-02-20 01:30:46,0
3074,2020-02-20 01:34:12,0
3075,2020-02-20 01:35:28,0
3076,2020-02-20 01:47:16,0
3077,2020-02-20 01:47:47,0
3078,2020-02-20 01:48:25,0
3079,2020-02-20 01:48:53,0
3080,2020-02-20 02:32:03,0
3081,2020-02-20 02:34:51,0
3082,2020-02-20 02:36:16,0
3083,2020-02-20 02:39:25,0
3084,2020-02-20 03:05:08,0
3085,2020-02-20 03:05:45,0
3086,2020-02-20 03:06:26,0
3087,2020-02-20 03:07:40,0
3088,2020-02-20 03:08:23,0
3089,2020-02-20 03:09:21,0
3090,2020-02-20 03:11:58,0
3091,2020-02-20 03:13:59,0
3092,2020-02-20 03:14:38,0
3093,2020-02-20 04:17:59,0
3094,2020-02-20 06:15:50,0
3095,2020-02-20 06:27:35,0
3096,2020-02-20 07:46:23,0
3097,2020-02-20 07:46:56,0
3098,2020-02-20 07:48:28,0
3099,2020-02-20 07:49:45,0
3100,2020-02-20 09:54:04,0
3101,2020-02-20 10:30:13,0
3102,2020-02-20 11:04:37,0
3103,2020-02-20 11:08:15,0
3104,2020-02-20 11:37:53,0
3105,2020-02-20 11:38:44,0
3106,2020-02-20 12:09:11,0
3107,2020-02-20 12:34:48,0
3108,2020-02-20 12:39:58,0
3109,2020-02-20 12:45:07,0
3110,2020-02-20 12:52:48,0
3111,2020-02-20 13:17:12,0
3112,2020-02-20 13:33:02,0
3113,2020-02-20 15:15:44,0
3114,2020-02-20 15:16:07,0
3115,2020-02-20 15:16:37,0
3116,2020-02-20 15:27:00,0
3117,2020-02-20 15:28:26,0
3118,2020-02-20 15:37:34,0
3119,2020-02-20 15:38:24,0
3120,2020-02-20 15:58:23,0
3121,2020-02-20 15:59:15,0
3122,2020-02-20 15:59:45,0
3123,2020-02-20 16:01:19,0
3124,2020-02-20 16:01:54,0
3125,2020-02-20 16:50:33,0
3126,2020-02-20 21:58:01,0
3127,2020-02-20 23:02:38,1
3128,2020-02-20 23:09:25,0
3129,2020-02-20 23:20:37,0
3130,2020-02-20 23:23:11,0
3131,2020-02-20 23:24:50,0
3132,2020-02-20 23:25:29,0
3133,2020-02-20 23:27:19,0
3134,2020-02-20 23:41:17,0
3135,2020-02-20 23:48:03,0
3136,2020-02-21 00:18:51,0
3137,2020-02-21 05:11:45,0
3138,2020-02-21 05:12:48,0
3139,2020-02-21 05:13:38,0
3140,2020-02-21 07:16:03,0
3141,2020-02-21 07:57:11,0
3142,2020-02-21 08:09:36,0
3143,2020-02-21 10:31:37,0
3144,2020-02-21 10:56:08,0
3145,2020-02-21 11:50:22,0
3146,2020-02-21 12:36:00,0
3147,2020-02-21 12:59:55,0
3148,2020-02-21 13:00:49,0
3149,2020-02-21 13:40:18,0
3150,2020-02-21 13:50:18,0
3151,2020-02-21 14:44:11,0
3152,2020-02-21 14:44:55,0
3153,2020-02-21 14:45:58,0
3154,2020-02-21 14:46:21,0
3155,2020-02-21 14:47:48,0
3156,2020-02-21 14:51:59,0
3157,2020-02-21 17:11:16,0
3158,2020-02-21 17:36:16,0
3159,2020-02-21 17:38:43,0
3160,2020-02-21 17:39:35,0
3161,2020-02-21 17:40:31,0
3162,2020-02-21 20:14:05,0
3163,2020-02-21 20:14:30,0
3164,2020-02-21 20:15:10,0
3165,2020-02-21 22:04:51,0
3166,2020-02-22 00:09:22,0
3167,2020-02-22 03:09:00,0
3168,2020-02-22 03:11:52,0
3169,2020-02-22 03:12:35,0
3170,2020-02-22 03:22:42,0
3171,2020-02-22 03:25:22,0
3172,2020-02-22 03:27:33,0
3173,2020-02-22 03:28:36,0
3174,2020-02-22 03:29:32,0
3175,2020-02-22 03:29:52,0
3176,2020-02-22 03:30:40,0
3177,2020-02-22 03:31:18,0
3178,2020-02-22 03:31:35,0
3179,2020-02-22 03:31:57,0
3180,2020-02-22 03:32:15,0
3181,2020-02-22 03:32:39,0
3182,2020-02-22 03:33:05,0
3183,2020-02-22 04:28:58,0
3184,2020-02-22 04:38:05,0
3185,2020-02-22 05:33:25,0
3186,2020-02-22 06:09:27,0
3187,2020-02-22 06:10:01,0
3188,2020-02-22 06:17:06,0
3189,2020-02-22 06:19:01,0
3190,2020-02-22 06:39:34,0
3191,2020-02-22 07:20:31,0
3192,2020-02-22 07:33:12,0
3193,2020-02-22 07:35:50,0
3194,2020-02-22 07:38:20,0
3195,2020-02-22 08:12:35,0
3196,2020-02-22 08:33:59,0
3197,2020-02-22 08:51:36,0
3198,2020-02-22 09:00:24,0
3199,2020-02-22 09:30:37,0
3200,2020-02-22 10:22:15,0
3201,2020-02-22 10:55:36,0
3202,2020-02-22 11:12:10,0
3203,2020-02-22 11:17:24,0
3204,2020-02-22 11:17:57,0
3205,2020-02-22 11:25:19,0
3206,2020-02-22 11:26:17,0
3207,2020-02-22 11:27:00,0
3208,2020-02-22 11:28:35,0
3209,2020-02-22 11:29:01,0
3210,2020-02-22 11:31:14,0
3211,2020-02-22 11:52:14,0
3212,2020-02-22 12:18:55,0
3213,2020-02-22 12:19:28,0
3214,2020-02-22 12:20:02,0
3215,2020-02-22 12:20:50,0
3216,2020-02-22 12:24:30,0
3217,2020-02-22 12:27:18,0
3218,2020-02-22 12:59:46,0
3219,2020-02-22 13:06:29,0
3220,2020-02-22 13:44:32,0
3221,2020-02-22 13:45:09,0
3222,2020-02-22 13:46:45,0
3223,2020-02-22 13:48:02,0
3224,2020-02-22 13:48:28,0
3225,2020-02-22 13:52:03,0
3226,2020-02-22 14:34:04,0
3227,2020-02-22 15:01:08,0
3228,2020-02-22 21:49:39,0
3229,2020-02-22 23:31:31,0
3230,2020-02-23 00:28:07,0
3231,2020-02-23 00:46:54,0
3232,2020-02-23 00:48:27,0
3233,2020-02-23 00:50:19,0
3234,2020-02-23 00:55:14,0
3235,2020-02-23 01:02:54,0
3236,2020-02-23 01:04:12,0
3237,2020-02-23 01:20:37,0
3238,2020-02-23 01:43:36,0
3239,2020-02-23 02:47:03,0
3240,2020-02-23 02:50:13,0
3241,2020-02-23 03:11:48,0
3242,2020-02-23 04:08:32,0
3243,2020-02-23 04:46:02,0
3244,2020-02-23 05:06:37,0
3245,2020-02-23 05:16:42,0
3246,2020-02-23 06:27:54,0
3247,2020-02-23 06:30:44,0
3248,2020-02-23 07:28:25,0
3249,2020-02-23 07:29:01,0
3250,2020-02-23 07:31:54,0
3251,2020-02-23 07:46:07,0
3252,2020-02-23 07:46:55,0
3253,2020-02-23 09:35:50,0
3254,2020-02-23 09:36:57,0
3255,2020-02-23 09:37:36,0
3256,2020-02-23 10:36:17,0
3257,2020-02-23 11:25:31,0
3258,2020-02-23 12:09:22,0
3259,2020-02-23 12:22:25,0
3260,2020-02-23 12:36:13,0
3261,2020-02-23 12:39:07,0
3262,2020-02-23 13:21:08,0
3263,2020-02-23 13:49:31,0
3264,2020-02-23 13:55:44,0
3265,2020-02-23 13:58:58,0
3266,2020-02-23 14:42:57,0
3267,2020-02-23 14:47:01,0
3268,2020-02-23 14:48:52,0
3269,2020-02-23 14:54:07,0
3270,2020-02-23 14:55:10,0
3271,2020-02-23 14:56:30,0
3272,2020-02-23 14:57:39,0
3273,2020-02-23 14:58:46,0
3274,2020-02-23 14:59:25,0
3275,2020-02-23 14:59:50,0
3276,2020-02-23 15:01:21,0
3277,2020-02-23 15:03:59,0
3278,2020-02-23 15:07:39,0
3279,2020-02-23 15:07:43,0
3280,2020-02-23 15:09:26,0
3281,2020-02-23 16:55:10,0
3282,2020-02-23 16:55:40,0
3283,2020-02-23 16:56:20,0
3284,2020-02-23 16:57:09,0
3285,2020-02-23 16:58:25,0
3286,2020-02-23 17:01:09,0
3287,2020-02-23 21:53:35,0
3288,2020-02-23 21:59:11,0
3289,2020-02-23 22:10:30,0
3290,2020-02-23 22:52:28,0
3291,2020-02-23 23:12:52,0
3292,2020-02-23 23:14:45,0
3293,2020-02-23 23:15:23,0
3294,2020-02-23 23:16:50,0
3295,2020-02-23 23:21:08,0
3296,2020-02-23 23:40:17,0
3297,2020-02-24 00:13:49,0
3298,2020-02-24 01:04:41,0
3299,2020-02-24 01:47:12,0
3300,2020-02-24 02:07:04,0
3301,2020-02-24 02:07:48,0
3302,2020-02-24 02:08:26,0
3303,2020-02-24 02:21:51,0
3304,2020-02-24 02:22:14,0
3305,2020-02-24 02:26:06,0
3306,2020-02-24 02:30:05,0
3307,2020-02-24 02:30:35,0
3308,2020-02-24 02:31:24,0
3309,2020-02-24 02:33:23,0
3310,2020-02-24 02:33:58,0
3311,2020-02-24 02:34:21,0
3312,2020-02-24 02:35:07,0
3313,2020-02-24 05:45:29,0
3314,2020-02-24 05:50:19,0
3315,2020-02-24 05:55:19,0
3316,2020-02-24 05:58:39,0
3317,2020-02-24 06:01:40,0
3318,2020-02-24 06:04:01,0
3319,2020-02-24 06:12:41,0
3320,2020-02-24 06:13:34,0
3321,2020-02-24 06:15:12,0
3322,2020-02-24 06:15:46,0
3323,2020-02-24 06:23:50,0
3324,2020-02-24 06:30:48,0
3325,2020-02-24 06:31:37,0
3326,2020-02-24 06:33:19,0
3327,2020-02-24 06:33:25,0
3328,2020-02-24 06:35:21,0
3329,2020-02-24 06:36:33,0
3330,2020-02-24 06:37:26,0
3331,2020-02-24 06:39:12,0
3332,2020-02-24 06:51:32,0
3333,2020-02-24 07:13:13,0
3334,2020-02-24 07:39:55,0
3335,2020-02-24 07:49:22,0
3336,2020-02-24 07:57:37,0
3337,2020-02-24 07:58:32,0
3338,2020-02-24 08:12:16,0
3339,2020-02-24 08:19:20,0
3340,2020-02-24 08:19:54,0
3341,2020-02-24 08:21:22,0
3342,2020-02-24 08:29:22,0
3343,2020-02-24 08:33:14,0
3344,2020-02-24 08:33:51,0
3345,2020-02-24 08:34:58,0
3346,2020-02-24 08:35:28,0
3347,2020-02-24 08:36:07,0
3348,2020-02-24 09:00:06,0
3349,2020-02-24 09:24:28,0
3350,2020-02-24 09:29:11,0
3351,2020-02-24 09:32:23,0
3352,2020-02-24 09:35:17,0
3353,2020-02-24 09:37:00,0
3354,2020-02-24 09:44:58,0
3355,2020-02-24 10:40:40,0
3356,2020-02-24 10:52:21,0
3357,2020-02-24 12:25:54,0
3358,2020-02-24 12:44:15,0
3359,2020-02-24 12:45:45,0
3360,2020-02-24 12:47:14,0
3361,2020-02-24 13:49:34,0
3362,2020-02-24 13:55:27,0
3363,2020-02-24 13:56:24,0
3364,2020-02-24 14:19:00,0
3365,2020-02-24 14:33:19,0
3366,2020-02-24 14:37:04,0
3367,2020-02-24 15:10:32,0
3368,2020-02-24 15:11:07,0
3369,2020-02-24 15:42:09,0
3370,2020-02-24 21:11:54,0
3371,2020-02-24 21:32:01,0
3372,2020-02-24 21:45:18,0
3373,2020-02-24 22:04:05,0
3374,2020-02-24 22:44:47,0
3375,2020-02-24 22:47:53,0
3376,2020-02-24 22:49:12,0
3377,2020-02-24 22:51:08,0
3378,2020-02-24 22:54:57,0
3379,2020-02-24 22:56:11,0
3380,2020-02-24 22:58:35,0
3381,2020-02-24 22:59:41,0
3382,2020-02-24 23:01:49,0
3383,2020-02-24 23:52:21,0
3384,2020-02-25 01:30:56,0
3385,2020-02-25 01:53:02,0
3386,2020-02-25 02:53:57,0
3387,2020-02-25 02:57:21,0
3388,2020-02-25 02:58:55,0
3389,2020-02-25 03:00:08,0
3390,2020-02-25 05:16:48,0
3391,2020-02-25 05:17:41,0
3392,2020-02-25 06:17:07,0
3393,2020-02-25 06:24:59,0
3394,2020-02-25 06:38:09,0
3395,2020-02-25 07:01:57,0
3396,2020-02-25 07:17:04,0
3397,2020-02-25 07:17:33,0
3398,2020-02-25 07:17:53,0
3399,2020-02-25 07:54:58,0
3400,2020-02-25 08:02:59,0
3401,2020-02-25 08:50:37,0
3402,2020-02-25 09:12:46,0
3403,2020-02-25 09:35:13,0
3404,2020-02-25 10:24:34,0
3405,2020-02-25 10:59:01,0
3406,2020-02-25 11:23:32,0
3407,2020-02-25 11:33:06,0
3408,2020-02-25 11:34:39,0
3409,2020-02-25 11:36:00,0
3410,2020-02-25 11:36:34,0
3411,2020-02-25 11:37:19,0
3412,2020-02-25 11:38:57,0
3413,2020-02-25 11:38:59,0
3414,2020-02-25 11:41:40,0
3415,2020-02-25 12:44:19,0
3416,2020-02-25 12:58:35,0
3417,2020-02-25 14:00:07,0
3418,2020-02-25 14:32:26,0
3419,2020-02-25 15:46:52,0
3420,2020-02-25 16:20:13,0
3421,2020-02-25 20:47:54,0
3422,2020-02-25 21:16:38,0
3423,2020-02-25 21:33:30,0
3424,2020-02-25 22:13:27,0
3425,2020-02-25 22:14:21,0
3426,2020-02-25 22:16:09,0
3427,2020-02-25 22:37:35,0
3428,2020-02-26 00:02:10,0
3429,2020-02-26 00:07:55,0
3430,2020-02-26 00:08:50,0
3431,2020-02-26 00:09:05,0
3432,2020-02-26 00:10:08,0
3433,2020-02-26 00:10:59,0
3434,2020-02-26 00:13:27,0
3435,2020-02-26 00:13:33,0
3436,2020-02-26 00:14:28,0
3437,2020-02-26 00:18:38,0
3438,2020-02-26 00:22:26,0
3439,2020-02-26 00:23:04,0
3440,2020-02-26 00:23:49,0
3441,2020-02-26 00:29:41,0
3442,2020-02-26 00:30:16,0
3443,2020-02-26 00:32:15,0
3444,2020-02-26 01:00:40,0
3445,2020-02-26 01:01:09,0
3446,2020-02-26 01:03:38,0
3447,2020-02-26 01:05:07,0
3448,2020-02-26 01:06:23,0
3449,2020-02-26 01:08:14,0
3450,2020-02-26 01:09:30,0
3451,2020-02-26 01:42:04,0
3452,2020-02-26 01:42:30,0
3453,2020-02-26 03:41:58,0
3454,2020-02-26 05:01:14,0
3455,2020-02-26 06:18:57,0
3456,2020-02-26 06:51:52,0
3457,2020-02-26 07:13:03,0
3458,2020-02-26 07:27:09,0
3459,2020-02-26 07:32:23,0
3460,2020-02-26 07:44:24,0
3461,2020-02-26 07:47:58,0
3462,2020-02-26 07:49:37,0
3463,2020-02-26 09:05:04,0
3464,2020-02-26 09:05:10,0
3465,2020-02-26 09:05:41,0
3466,2020-02-26 09:08:13,0
3467,2020-02-26 10:53:15,0
3468,2020-02-26 11:28:46,0
3469,2020-02-26 12:03:00,0
3470,2020-02-26 12:03:32,0
3471,2020-02-26 12:08:47,0
3472,2020-02-26 12:41:39,0
3473,2020-02-26 12:41:39,0
3474,2020-02-26 13:30:25,0
3475,2020-02-26 13:38:06,0
3476,2020-02-26 14:00:51,0
3477,2020-02-26 14:04:37,0
3478,2020-02-26 14:47:25,0
3479,2020-02-26 14:50:33,0
3480,2020-02-26 14:54:39,0
3481,2020-02-26 14:58:15,0
3482,2020-02-26 14:59:31,0
3483,2020-02-26 15:14:52,0
3484,2020-02-26 15:54:35,0
3485,2020-02-26 18:45:05,0
3486,2020-02-26 18:56:19,0
3487,2020-02-26 19:27:16,0
3488,2020-02-26 19:35:22,0
3489,2020-02-26 21:23:10,0
3490,2020-02-26 21:23:19,0
3491,2020-02-26 21:25:22,0
3492,2020-02-26 22:16:59,1
3493,2020-02-26 22:53:28,0
3494,2020-02-26 22:59:13,0
3495,2020-02-26 22:59:45,0
3496,2020-02-26 23:01:57,0
3497,2020-02-26 23:03:15,0
3498,2020-02-26 23:03:57,0
3499,2020-02-26 23:05:34,0
3500,2020-02-26 23:14:34,0
3501,2020-02-26 23:26:12,0
3502,2020-02-26 23:27:37,0
3503,2020-02-26 23:38:23,0
3504,2020-02-26 23:47:26,0
3505,2020-02-27 00:15:17,0
3506,2020-02-27 01:05:54,0
3507,2020-02-27 02:19:54,0
3508,2020-02-27 02:20:29,0
3509,2020-02-27 02:20:53,0
3510,2020-02-27 04:56:39,0
3511,2020-02-27 05:14:56,0
3512,2020-02-27 05:23:35,0
3513,2020-02-27 05:35:57,0
3514,2020-02-27 05:36:36,0
3515,2020-02-27 06:13:30,0
3516,2020-02-27 07:00:07,0
3517,2020-02-27 07:38:42,0
3518,2020-02-27 07:39:18,0
3519,2020-02-27 07:49:37,0
3520,2020-02-27 08:05:17,0
3521,2020-02-27 09:36:45,0
3522,2020-02-27 09:57:10,0
3523,2020-02-27 10:18:19,0
3524,2020-02-27 10:46:02,0
3525,2020-02-27 11:21:57,0
3526,2020-02-27 11:41:59,0
3527,2020-02-27 11:46:42,0
3528,2020-02-27 12:11:15,0
3529,2020-02-27 12:12:36,0
3530,2020-02-27 12:22:43,0
3531,2020-02-27 12:32:04,0
3532,2020-02-27 13:42:45,0
3533,2020-02-27 13:44:26,0
3534,2020-02-27 13:45:33,0
3535,2020-02-27 13:49:43,0
3536,2020-02-27 13:51:10,0
3537,2020-02-27 14:26:48,0
3538,2020-02-27 14:28:28,0
3539,2020-02-27 14:32:59,0
3540,2020-02-27 14:40:03,0
3541,2020-02-27 15:01:38,0
3542,2020-02-27 15:29:37,0
3543,2020-02-27 15:31:42,0
3544,2020-02-27 15:32:40,0
3545,2020-02-27 15:33:46,0
3546,2020-02-27 15:35:19,0
3547,2020-02-27 15:35:24,0
3548,2020-02-27 15:39:37,0
3549,2020-02-27 15:45:33,0
3550,2020-02-27 21:07:50,0
3551,2020-02-27 21:50:24,0
3552,2020-02-27 21:51:43,0
3553,2020-02-27 22:21:29,0
3554,2020-02-27 22:23:03,0
3555,2020-02-27 22:24:40,0
3556,2020-02-27 22:26:48,0
3557,2020-02-27 22:37:12,0
3558,2020-02-27 22:37:43,0
3559,2020-02-27 22:44:09,0
3560,2020-02-27 22:45:00,0
3561,2020-02-27 22:48:39,0
3562,2020-02-27 23:17:44,0
3563,2020-02-28 00:06:23,0
3564,2020-02-28 00:18:20,0
3565,2020-02-28 02:04:41,0
3566,2020-02-28 02:07:41,0
3567,2020-02-28 02:08:25,0
3568,2020-02-28 02:21:44,0
3569,2020-02-28 02:27:19,0
3570,2020-02-28 02:45:17,0
3571,2020-02-28 02:46:18,0
3572,2020-02-28 02:47:05,0
3573,2020-02-28 03:51:13,0
3574,2020-02-28 04:23:55,0
3575,2020-02-28 04:32:34,0
3576,2020-02-28 05:31:34,0
3577,2020-02-28 06:36:54,0
3578,2020-02-28 06:44:27,0
3579,2020-02-28 06:47:32,0
3580,2020-02-28 07:13:45,0
3581,2020-02-28 07:14:53,0
3582,2020-02-28 07:15:46,0
3583,2020-02-28 07:20:49,0
3584,2020-02-28 08:18:08,0
3585,2020-02-28 08:35:15,0
3586,2020-02-28 09:26:43,0
3587,2020-02-28 09:42:03,0
3588,2020-02-28 09:47:52,0
3589,2020-02-28 09:48:52,0
3590,2020-02-28 09:49:18,0
3591,2020-02-28 09:49:56,0
3592,2020-02-28 09:50:30,0
3593,2020-02-28 09:52:05,0
3594,2020-02-28 09:54:38,0
3595,2020-02-28 10:16:22,0
3596,2020-02-28 10:23:39,0
3597,2020-02-28 10:24:26,0
3598,2020-02-28 10:40:04,0
3599,2020-02-28 10:41:41,0
3600,2020-02-28 10:43:28,0
3601,2020-02-28 11:08:09,0
3602,2020-02-28 11:51:54,0
3603,2020-02-28 12:04:40,0
3604,2020-02-28 12:05:09,0
3605,2020-02-28 12:23:39,0
3606,2020-02-28 13:07:33,0
3607,2020-02-28 13:09:51,0
3608,2020-02-28 13:21:32,0
3609,2020-02-28 14:14:17,0
3610,2020-02-28 14:54:24,0
3611,2020-02-28 15:31:26,0
3612,2020-02-28 15:44:57,0
3613,2020-02-28 15:46:08,0
3614,2020-02-28 15:47:01,0
3615,2020-02-28 15:48:19,0
3616,2020-02-28 15:48:54,0
3617,2020-02-28 15:49:35,0
3618,2020-02-28 15:50:19,0
3619,2020-02-28 15:50:52,0
3620,2020-02-28 15:51:33,0
3621,2020-02-28 15:52:26,0
3622,2020-02-28 15:53:34,0
3623,2020-02-28 20:57:24,0
3624,2020-02-28 21:11:51,0
3625,2020-02-28 21:20:05,0
3626,2020-02-28 21:20:18,0
3627,2020-02-28 21:21:29,0
3628,2020-02-28 21:22:39,0
3629,2020-02-28 21:25:33,0
3630,2020-02-28 22:26:42,0
3631,2020-02-28 22:41:33,0
3632,2020-02-28 22:47:17,0
3633,2020-02-28 23:05:30,0
3634,2020-02-28 23:12:19,0
3635,2020-02-28 23:14:05,0
3636,2020-02-28 23:15:26,0
3637,2020-02-28 23:16:49,0
3638,2020-02-28 23:18:18,0
3639,2020-02-28 23:18:46,0
3640,2020-02-28 23:20:44,0
3641,2020-02-28 23:22:20,0
3642,2020-02-28 23:23:31,0
3643,2020-02-28 23:26:19,0
3644,2020-02-28 23:27:38,0
3645,2020-02-28 23:29:06,0
3646,2020-02-28 23:30:25,0
3647,2020-02-28 23:33:53,0
3648,2020-02-28 23:44:59,0
3649,2020-02-28 23:50:24,0
3650,2020-02-29 00:11:39,0
3651,2020-02-29 00:23:22,0
3652,2020-02-29 00:25:07,0
3653,2020-02-29 00:27:20,0
3654,2020-02-29 00:31:57,0
3655,2020-02-29 00:33:44,0
3656,2020-02-29 00:35:54,0
3657,2020-02-29 02:17:50,0
3658,2020-02-29 02:42:12,0
3659,2020-02-29 04:09:39,0
3660,2020-02-29 04:30:07,0
3661,2020-02-29 05:10:51,0
3662,2020-02-29 05:49:47,0
3663,2020-02-29 06:03:51,0
3664,2020-02-29 07:25:51,0
3665,2020-02-29 07:30:39,0
3666,2020-02-29 07:38:03,0
3667,2020-02-29 07:43:33,0
3668,2020-02-29 08:44:17,0
3669,2020-02-29 08:49:17,0
3670,2020-02-29 09:01:51,0
3671,2020-02-29 09:35:44,0
3672,2020-02-29 09:49:52,0
3673,2020-02-29 10:35:03,0
3674,2020-02-29 10:49:48,0
3675,2020-02-29 11:21:18,0
3676,2020-02-29 12:09:36,0
3677,2020-02-29 12:27:32,0
3678,2020-02-29 12:30:43,0
3679,2020-02-29 12:33:10,0
3680,2020-02-29 13:18:19,0
3681,2020-02-29 13:34:02,0
3682,2020-02-29 13:34:50,0
3683,2020-02-29 13:35:40,0
3684,2020-02-29 13:36:18,0
3685,2020-02-29 13:36:57,0
3686,2020-02-29 13:37:28,0
3687,2020-02-29 13:40:24,0
3688,2020-02-29 13:41:21,0
3689,2020-02-29 13:42:47,0
3690,2020-02-29 13:43:49,0
3691,2020-02-29 13:48:27,0
3692,2020-02-29 13:49:49,0
3693,2020-02-29 14:14:59,0
3694,2020-02-29 14:15:31,0
3695,2020-02-29 14:16:06,0
3696,2020-02-29 14:16:36,0
3697,2020-02-29 14:17:09,0
3698,2020-02-29 14:17:40,0
3699,2020-02-29 14:18:53,0
3700,2020-02-29 14:27:30,0
3701,2020-02-29 14:29:29,0
3702,2020-02-29 14:31:10,0
3703,2020-02-29 14:33:32,0
3704,2020-02-29 14:34:07,0
3705,2020-02-29 14:34:51,0
3706,2020-02-29 14:35:27,0
3707,2020-02-29 14:35:30,0
3708,2020-02-29 14:36:07,0
3709,2020-02-29 14:36:44,0
3710,2020-02-29 14:37:17,0
3711,2020-02-29 14:39:00,0
3712,2020-02-29 14:41:15,0
3713,2020-02-29 14:42:04,0
3714,2020-02-29 14:44:32,0
3715,2020-02-29 14:49:30,0
3716,2020-02-29 16:21:09,0
3717,2020-02-29 16:22:54,0
3718,2020-02-29 16:28:47,0
3719,2020-02-29 21:57:49,0
3720,2020-02-29 22:30:21,0
3721,2020-02-29 23:28:37,0
3722,2020-02-29 23:51:22,0
3723,2020-03-01 00:01:50,0
3724,2020-03-01 00:03:00,0
3725,2020-03-01 00:26:42,0
3726,2020-03-01 00:53:55,0
3727,2020-03-01 01:45:54,0
3728,2020-03-01 01:56:40,0
3729,2020-03-01 02:06:29,0
3730,2020-03-01 02:35:17,0
3731,2020-03-01 02:42:39,0
3732,2020-03-01 02:50:25,0
3733,2020-03-01 02:54:20,0
3734,2020-03-01 03:03:09,0
3735,2020-03-01 03:10:40,0
3736,2020-03-01 03:21:38,0
3737,2020-03-01 03:23:36,0
3738,2020-03-01 03:54:11,0
3739,2020-03-01 03:54:38,0
3740,2020-03-01 04:49:38,0
3741,2020-03-01 08:03:19,0
3742,2020-03-01 08:30:09,0
3743,2020-03-01 10:51:11,0
3744,2020-03-01 11:19:51,0
3745,2020-03-01 11:21:42,0
3746,2020-03-01 11:22:23,0
3747,2020-03-01 11:23:14,0
3748,2020-03-01 11:24:03,0
3749,2020-03-01 11:24:32,0
3750,2020-03-01 11:25:04,0
3751,2020-03-01 11:59:36,0
3752,2020-03-01 12:02:33,0
3753,2020-03-01 12:03:46,0
3754,2020-03-01 12:07:39,0
3755,2020-03-01 12:09:17,0
3756,2020-03-01 12:38:45,0
3757,2020-03-01 14:35:50,0
3758,2020-03-01 14:37:19,0
3759,2020-03-01 22:49:38,0
3760,2020-03-02 00:06:54,0
3761,2020-03-02 00:07:26,0
3762,2020-03-02 00:08:17,0
3763,2020-03-02 00:09:20,0
3764,2020-03-02 00:22:54,0
3765,2020-03-02 01:26:04,0
3766,2020-03-02 02:14:47,0
3767,2020-03-02 02:16:06,0
3768,2020-03-02 02:53:17,0
3769,2020-03-02 02:55:48,0
3770,2020-03-02 02:56:59,0
3771,2020-03-02 02:57:28,0
3772,2020-03-02 02:58:13,0
3773,2020-03-02 02:59:26,0
3774,2020-03-02 03:57:56,0
3775,2020-03-02 05:03:09,0
3776,2020-03-02 05:04:46,0
3777,2020-03-02 05:44:47,0
3778,2020-03-02 05:58:09,0
3779,2020-03-02 06:02:23,0
3780,2020-03-02 06:21:15,0
3781,2020-03-02 06:28:09,0
3782,2020-03-02 07:39:33,0
3783,2020-03-02 09:31:01,0
3784,2020-03-02 09:33:06,0
3785,2020-03-02 09:35:07,1
3786,2020-03-02 10:14:16,0
3787,2020-03-02 10:20:56,0
3788,2020-03-02 10:26:02,0
3789,2020-03-02 11:08:57,0
3790,2020-03-02 11:09:46,0
3791,2020-03-02 11:12:19,0
3792,2020-03-02 11:22:29,0
3793,2020-03-02 11:23:43,0
3794,2020-03-02 11:51:46,0
3795,2020-03-02 11:57:42,0
3796,2020-03-02 12:32:24,0
3797,2020-03-02 12:33:07,0
3798,2020-03-02 12:33:38,0
3799,2020-03-02 13:10:42,0
3800,2020-03-02 13:11:27,0
3801,2020-03-02 13:12:23,0
3802,2020-03-02 13:14:13,0
3803,2020-03-02 14:58:27,0
3804,2020-03-02 14:59:10,0
3805,2020-03-02 15:22:25,0
3806,2020-03-02 16:11:18,0
3807,2020-03-02 16:12:58,0
3808,2020-03-02 23:25:33,0
3809,2020-03-03 01:50:08,0
3810,2020-03-03 01:50:57,0
3811,2020-03-03 02:11:40,0
3812,2020-03-03 02:50:32,0
3813,2020-03-03 04:24:58,0
3814,2020-03-03 04:52:21,0
3815,2020-03-03 04:53:45,0
3816,2020-03-03 05:55:05,0
3817,2020-03-03 07:02:34,0
3818,2020-03-03 07:32:17,0
3819,2020-03-03 07:42:18,0
3820,2020-03-03 07:47:31,0
3821,2020-03-03 07:53:09,0
3822,2020-03-03 08:17:46,0
3823,2020-03-03 08:21:53,0
3824,2020-03-03 08:46:46,0
3825,2020-03-03 08:59:48,0
3826,2020-03-03 09:01:21,0
3827,2020-03-03 09:20:38,0
3828,2020-03-03 10:05:39,0
3829,2020-03-03 10:10:50,0
3830,2020-03-03 10:29:29,0
3831,2020-03-03 10:37:02,0
3832,2020-03-03 10:37:32,0
3833,2020-03-03 10:43:55,0
3834,2020-03-03 10:52:14,0
3835,2020-03-03 12:23:08,0
3836,2020-03-03 13:13:30,0
3837,2020-03-03 14:28:34,0
3838,2020-03-03 14:29:55,0
3839,2020-03-03 14:31:00,0
3840,2020-03-03 14:43:38,0
3841,2020-03-03 14:44:39,0
3842,2020-03-03 15:16:16,0
3843,2020-03-03 15:18:16,0
3844,2020-03-03 15:37:21,0
3845,2020-03-03 15:40:29,0
3846,2020-03-03 15:43:23,0
3847,2020-03-03 16:03:04,0
3848,2020-03-03 16:04:14,0
3849,2020-03-03 22:30:54,0
3850,2020-03-03 23:52:43,0
3851,2020-03-04 00:25:32,0
3852,2020-03-04 00:31:35,0
3853,2020-03-04 00:34:42,0
3854,2020-03-04 00:36:12,0
3855,2020-03-04 00:39:09,0
3856,2020-03-04 00:40:53,0
3857,2020-03-04 00:42:11,0
3858,2020-03-04 00:43:47,0
3859,2020-03-04 00:44:47,0
3860,2020-03-04 00:49:20,0
3861,2020-03-04 01:08:21,0
3862,2020-03-04 01:26:53,0
3863,2020-03-04 01:28:49,0
3864,2020-03-04 03:22:04,0
3865,2020-03-04 05:59:25,0
3866,2020-03-04 06:14:05,0
3867,2020-03-04 06:38:59,0
3868,2020-03-04 06:59:36,0
3869,2020-03-04 08:01:25,0
3870,2020-03-04 08:02:02,0
3871,2020-03-04 08:02:51,0
3872,2020-03-04 08:03:25,0
3873,2020-03-04 08:03:53,0
3874,2020-03-04 08:05:06,0
3875,2020-03-04 08:05:24,0
3876,2020-03-04 08:05:36,0
3877,2020-03-04 08:05:50,0
3878,2020-03-04 08:06:14,0
3879,2020-03-04 08:06:41,0
3880,2020-03-04 08:07:46,0
3881,2020-03-04 08:11:24,0
3882,2020-03-04 08:15:27,0
3883,2020-03-04 08:56:08,0
3884,2020-03-04 09:03:29,0
3885,2020-03-04 09:25:15,0
3886,2020-03-04 10:01:52,0
3887,2020-03-04 10:27:38,0
3888,2020-03-04 11:30:45,0
3889,2020-03-04 11:53:20,0
3890,2020-03-04 12:34:44,0
3891,2020-03-04 12:36:27,0
3892,2020-03-04 12:49:44,0
3893,2020-03-04 12:50:25,0
3894,2020-03-04 13:16:20,0
3895,2020-03-04 13:17:33,0
3896,2020-03-04 13:18:27,0
3897,2020-03-04 13:28:54,0
3898,2020-03-04 13:33:31,0
3899,2020-03-04 13:37:51,0
3900,2020-03-04 13:44:14,0
3901,2020-03-04 13:45:22,0
3902,2020-03-04 13:46:43,0
3903,2020-03-04 13:49:51,0
3904,2020-03-04 13:50:02,0
3905,2020-03-04 13:50:58,0
3906,2020-03-04 14:03:29,0
3907,2020-03-04 14:17:50,0
3908,2020-03-04 16:45:46,0
3909,2020-03-04 22:11:28,0
3910,2020-03-04 23:36:17,0
3911,2020-03-04 23:37:09,0
3912,2020-03-05 01:47:19,0
3913,2020-03-05 02:31:56,0
3914,2020-03-05 02:33:18,0
3915,2020-03-05 02:37:24,0
3916,2020-03-05 02:44:53,0
3917,2020-03-05 02:45:24,0
3918,2020-03-05 03:10:35,0
3919,2020-03-05 03:10:38,0
3920,2020-03-05 03:11:21,0
3921,2020-03-05 03:12:04,0
3922,2020-03-05 03:30:53,0
3923,2020-03-05 03:48:08,0
3924,2020-03-05 04:04:50,0
3925,2020-03-05 04:07:07,0
3926,2020-03-05 04:18:52,0
3927,2020-03-05 04:29:20,0
3928,2020-03-05 05:05:14,0
3929,2020-03-05 06:37:57,0
3930,2020-03-05 06:38:47,0
3931,2020-03-05 07:20:21,0
3932,2020-03-05 09:04:13,0
3933,2020-03-05 09:05:18,0
3934,2020-03-05 09:25:03,0
3935,2020-03-05 10:46:36,0
3936,2020-03-05 10:48:35,0
3937,2020-03-05 11:34:33,0
3938,2020-03-05 11:43:50,0
3939,2020-03-05 11:55:28,0
3940,2020-03-05 12:01:03,0
3941,2020-03-05 13:05:25,0
3942,2020-03-05 13:26:55,0
3943,2020-03-05 13:29:15,0
3944,2020-03-05 13:29:39,0
3945,2020-03-05 13:30:54,0
3946,2020-03-05 13:32:57,0
3947,2020-03-05 13:34:59,0
3948,2020-03-05 13:35:27,0
3949,2020-03-05 13:41:19,0
3950,2020-03-05 13:47:38,0
3951,2020-03-05 14:16:06,0
3952,2020-03-05 14:18:18,0
3953,2020-03-05 14:24:45,0
3954,2020-03-05 14:54:19,0
3955,2020-03-05 15:43:30,0
3956,2020-03-05 15:44:35,0
3957,2020-03-05 15:46:49,0
3958,2020-03-05 22:17:21,0
3959,2020-03-05 23:50:37,0
3960,2020-03-05 23:57:11,0
3961,2020-03-06 00:42:12,0
3962,2020-03-06 00:43:51,0
3963,2020-03-06 04:20:40,0
3964,2020-03-06 04:45:17,0
3965,2020-03-06 04:54:37,0
3966,2020-03-06 05:12:18,0
3967,2020-03-06 05:13:26,0
3968,2020-03-06 05:13:47,0
3969,2020-03-06 05:15:07,0
3970,2020-03-06 05:38:25,0
3971,2020-03-06 06:31:49,0
3972,2020-03-06 06:32:57,0
3973,2020-03-06 06:33:37,0
3974,2020-03-06 06:40:07,0
3975,2020-03-06 06:42:02,0
3976,2020-03-06 06:49:34,0
3977,2020-03-06 06:50:44,0
3978,2020-03-06 06:51:41,0
3979,2020-03-06 06:52:22,0
3980,2020-03-06 06:52:42,0
3981,2020-03-06 06:53:41,0
3982,2020-03-06 06:54:41,0
3983,2020-03-06 06:55:28,0
3984,2020-03-06 06:55:43,0
3985,2020-03-06 06:56:04,0
3986,2020-03-06 07:01:02,0
3987,2020-03-06 07:01:29,0
3988,2020-03-06 07:02:16,0
3989,2020-03-06 07:04:06,0
3990,2020-03-06 07:04:26,0
3991,2020-03-06 07:04:52,0
3992,2020-03-06 07:17:22,0
3993,2020-03-06 07:42:13,0
3994,2020-03-06 07:47:03,0
3995,2020-03-06 07:53:24,0
3996,2020-03-06 08:10:08,0
3997,2020-03-06 08:20:30,0
3998,2020-03-06 08:24:36,0
3999,2020-03-06 08:28:31,0
4000,2020-03-06 08:34:29,0
4001,2020-03-06 09:04:34,0
4002,2020-03-06 09:19:22,0
4003,2020-03-06 09:25:49,0
4004,2020-03-06 09:28:15,0
4005,2020-03-06 09:49:57,0
4006,2020-03-06 10:13:13,0
4007,2020-03-06 11:08:07,0
4008,2020-03-06 13:43:38,0
4009,2020-03-06 13:47:56,0
4010,2020-03-06 13:58:09,0
4011,2020-03-07 00:23:23,0
4012,2020-03-07 00:52:24,0
4013,2020-03-07 03:39:53,0
4014,2020-03-07 03:48:59,0
4015,2020-03-07 03:54:07,0
4016,2020-03-07 04:52:01,0
4017,2020-03-07 05:23:25,0
4018,2020-03-07 06:08:53,0
4019,2020-03-07 09:51:12,0
4020,2020-03-07 09:51:51,0
4021,2020-03-07 09:53:38,0
4022,2020-03-07 09:54:53,0
4023,2020-03-07 10:35:30,0
4024,2020-03-07 10:56:14,0
4025,2020-03-07 11:45:21,0
4026,2020-03-07 12:31:15,0
4027,2020-03-07 12:58:51,0
4028,2020-03-07 13:14:09,0
4029,2020-03-07 13:48:21,0
4030,2020-03-07 14:34:22,0
4031,2020-03-07 14:42:33,0
4032,2020-03-07 14:43:38,0
4033,2020-03-07 14:45:23,0
4034,2020-03-07 14:54:58,0
4035,2020-03-07 14:55:55,0
4036,2020-03-07 14:56:26,0
4037,2020-03-07 16:58:57,0
4038,2020-03-07 17:44:50,0
4039,2020-03-07 22:29:25,0
4040,2020-03-07 22:30:16,0
4041,2020-03-07 22:31:14,0
4042,2020-03-07 22:31:53,0
4043,2020-03-07 22:59:54,0
4044,2020-03-08 00:47:25,0
4045,2020-03-08 01:19:12,0
4046,2020-03-08 01:49:45,0
4047,2020-03-08 02:54:34,0
4048,2020-03-08 03:40:10,0
4049,2020-03-08 05:03:42,0
4050,2020-03-08 06:35:54,0
4051,2020-03-08 06:58:07,0
4052,2020-03-08 08:12:51,0
4053,2020-03-08 08:15:36,0
4054,2020-03-08 08:28:04,0
4055,2020-03-08 09:04:54,0
4056,2020-03-08 10:33:12,0
4057,2020-03-08 11:00:53,0
4058,2020-03-08 11:29:17,0
4059,2020-03-08 12:27:23,0
4060,2020-03-08 12:44:52,0
4061,2020-03-08 12:53:58,0
4062,2020-03-08 14:46:12,0
4063,2020-03-08 22:10:44,0
4064,2020-03-08 23:36:07,0
4065,2020-03-09 00:34:33,0
4066,2020-03-09 01:23:30,0
4067,2020-03-09 01:25:31,0
4068,2020-03-09 01:26:54,0
4069,2020-03-09 01:41:53,0
4070,2020-03-09 02:32:20,0
4071,2020-03-09 02:37:19,0
4072,2020-03-09 02:37:58,0
4073,2020-03-09 02:38:38,0
4074,2020-03-09 02:39:30,0
4075,2020-03-09 02:40:07,0
4076,2020-03-09 02:40:31,0
4077,2020-03-09 02:41:22,0
4078,2020-03-09 02:42:04,0
4079,2020-03-09 02:42:59,0
4080,2020-03-09 02:43:48,0
4081,2020-03-09 02:44:29,0
4082,2020-03-09 04:38:42,0
4083,2020-03-09 04:43:02,0
4084,2020-03-09 04:50:23,0
4085,2020-03-09 05:11:04,0
4086,2020-03-09 05:21:47,0
4087,2020-03-09 05:52:46,0
4088,2020-03-09 05:55:21,0
4089,2020-03-09 06:06:53,0
4090,2020-03-09 06:33:46,0
4091,2020-03-09 06:38:58,0
4092,2020-03-09 07:11:28,0
4093,2020-03-09 07:18:05,0
4094,2020-03-09 07:47:50,0
4095,2020-03-09 09:26:48,0
4096,2020-03-09 10:24:19,0
4097,2020-03-09 12:00:35,0
4098,2020-03-09 13:31:51,0
4099,2020-03-09 15:22:41,0
4100,2020-03-09 15:22:57,0
4101,2020-03-09 15:22:57,0
4102,2020-03-09 15:23:19,0
4103,2020-03-09 15:32:16,0
4104,2020-03-09 22:10:12,0
4105,2020-03-09 22:10:44,0
4106,2020-03-09 22:11:52,0
4107,2020-03-09 22:45:18,0
4108,2020-03-09 22:46:56,0
4109,2020-03-09 23:06:03,0
4110,2020-03-09 23:51:27,0
4111,2020-03-10 00:45:27,0
4112,2020-03-10 01:49:21,0
4113,2020-03-10 02:24:56,0
4114,2020-03-10 02:25:44,0
4115,2020-03-10 02:26:47,0
4116,2020-03-10 02:32:40,0
4117,2020-03-10 02:42:03,0
4118,2020-03-10 02:42:42,0
4119,2020-03-10 02:50:22,0
4120,2020-03-10 02:51:25,0
4121,2020-03-10 02:52:23,0
4122,2020-03-10 02:53:43,0
4123,2020-03-10 02:54:07,0
4124,2020-03-10 02:55:08,0
4125,2020-03-10 02:55:39,0
4126,2020-03-10 02:56:13,0
4127,2020-03-10 02:57:56,0
4128,2020-03-10 02:58:27,0
4129,2020-03-10 03:00:44,0
4130,2020-03-10 03:01:22,0
4131,2020-03-10 03:01:38,0
4132,2020-03-10 03:03:37,0
4133,2020-03-10 04:06:53,0
4134,2020-03-10 06:00:02,0
4135,2020-03-10 07:05:11,0
4136,2020-03-10 07:07:24,0
4137,2020-03-10 09:56:26,0
4138,2020-03-10 11:12:46,0
4139,2020-03-10 12:38:41,0
4140,2020-03-10 13:45:09,0
4141,2020-03-10 13:52:41,0
4142,2020-03-10 14:40:46,0
4143,2020-03-10 15:22:10,0
4144,2020-03-10 15:23:59,0
4145,2020-03-10 16:16:35,0
4146,2020-03-10 22:26:15,0
4147,2020-03-10 23:47:45,0
4148,2020-03-11 00:31:08,0
4149,2020-03-11 00:41:37,0
4150,2020-03-11 00:42:02,0
4151,2020-03-11 00:42:36,0
4152,2020-03-11 00:43:20,0
4153,2020-03-11 00:43:58,0
4154,2020-03-11 00:45:19,0
4155,2020-03-11 00:46:23,0
4156,2020-03-11 00:46:53,0
4157,2020-03-11 00:47:20,0
4158,2020-03-11 02:37:40,0
4159,2020-03-11 03:10:37,0
4160,2020-03-11 05:42:14,0
4161,2020-03-11 06:22:48,0
4162,2020-03-11 06:39:25,0
4163,2020-03-11 06:40:05,0
4164,2020-03-11 07:34:17,0
4165,2020-03-11 07:35:20,0
4166,2020-03-11 07:36:00,0
4167,2020-03-11 07:36:40,0
4168,2020-03-11 07:37:22,0
4169,2020-03-11 07:37:57,0
4170,2020-03-11 07:38:34,0
4171,2020-03-11 08:26:17,0
4172,2020-03-11 08:36:12,0
4173,2020-03-11 09:48:28,0
4174,2020-03-11 09:49:05,0
4175,2020-03-11 09:50:06,0
4176,2020-03-11 09:50:58,0
4177,2020-03-11 12:06:11,0
4178,2020-03-11 12:30:05,0
4179,2020-03-11 12:30:33,0
4180,2020-03-11 12:31:03,0
4181,2020-03-11 12:31:23,0
4182,2020-03-11 13:36:43,0
4183,2020-03-11 14:36:36,0
4184,2020-03-11 14:50:40,0
4185,2020-03-11 15:29:42,0
4186,2020-03-11 15:43:32,0
4187,2020-03-11 23:02:47,0
4188,2020-03-11 23:06:18,0
4189,2020-03-11 23:27:56,0
4190,2020-03-11 23:39:25,0
4191,2020-03-12 00:43:22,0
4192,2020-03-12 02:16:00,0
4193,2020-03-12 03:06:34,0
4194,2020-03-12 03:08:08,0
4195,2020-03-12 03:08:28,0
4196,2020-03-12 03:08:53,0
4197,2020-03-12 03:09:10,0
4198,2020-03-12 03:09:29,0
4199,2020-03-12 03:09:42,0
4200,2020-03-12 03:09:57,0
4201,2020-03-12 03:10:19,0
4202,2020-03-12 03:10:21,0
4203,2020-03-12 03:10:42,0
4204,2020-03-12 03:10:57,0
4205,2020-03-12 03:11:05,0
4206,2020-03-12 03:11:28,0
4207,2020-03-12 03:11:50,0
4208,2020-03-12 03:12:04,0
4209,2020-03-12 03:12:45,0
4210,2020-03-12 03:13:19,0
4211,2020-03-12 03:13:47,0
4212,2020-03-12 03:19:04,0
4213,2020-03-12 03:19:52,0
4214,2020-03-12 03:20:07,0
4215,2020-03-12 03:20:28,0
4216,2020-03-12 03:22:18,0
4217,2020-03-12 03:54:25,0
4218,2020-03-12 04:01:29,0
4219,2020-03-12 06:06:41,0
4220,2020-03-12 07:24:45,0
4221,2020-03-12 08:44:00,0
4222,2020-03-12 10:15:28,0
4223,2020-03-12 11:21:06,0
4224,2020-03-12 12:39:21,0
4225,2020-03-12 12:44:56,0
4226,2020-03-12 12:50:34,0
4227,2020-03-12 13:49:38,0
4228,2020-03-12 15:42:13,0
4229,2020-03-13 00:09:29,0
4230,2020-03-13 00:20:13,0
4231,2020-03-13 04:13:11,0
4232,2020-03-13 07:43:09,0
4233,2020-03-13 07:44:14,0
4234,2020-03-13 09:23:53,0
4235,2020-03-13 09:36:26,0
4236,2020-03-13 09:36:48,0
4237,2020-03-13 09:38:20,0
4238,2020-03-13 10:07:37,0
4239,2020-03-13 10:16:37,0
4240,2020-03-13 10:17:28,0
4241,2020-03-13 10:19:03,0
4242,2020-03-13 10:19:41,0
4243,2020-03-13 10:19:41,0
4244,2020-03-13 10:23:42,0
4245,2020-03-13 10:33:38,0
4246,2020-03-13 10:33:51,0
4247,2020-03-13 11:04:00,0
4248,2020-03-13 11:04:58,0
4249,2020-03-13 11:05:18,0
4250,2020-03-13 11:06:05,0
4251,2020-03-13 11:06:59,0
4252,2020-03-13 11:07:18,0
4253,2020-03-13 11:08:40,0
4254,2020-03-13 11:09:20,0
4255,2020-03-13 11:11:34,0
4256,2020-03-13 11:12:10,0
4257,2020-03-13 11:18:35,0
4258,2020-03-13 12:20:11,0
4259,2020-03-13 14:17:11,0
4260,2020-03-13 14:45:19,0
4261,2020-03-13 14:46:49,0
4262,2020-03-13 14:47:00,0
4263,2020-03-13 14:48:35,0
4264,2020-03-13 14:50:04,0
4265,2020-03-13 14:52:57,0
4266,2020-03-13 15:08:11,0
4267,2020-03-13 15:09:30,0
4268,2020-03-13 15:11:05,0
4269,2020-03-13 15:18:08,0
4270,2020-03-13 15:19:02,0
4271,2020-03-13 15:19:26,0
4272,2020-03-13 15:34:49,0
4273,2020-03-13 15:53:45,0
4274,2020-03-13 21:47:06,0
4275,2020-03-13 23:15:49,0
4276,2020-03-13 23:36:23,0
4277,2020-03-14 01:04:25,0
4278,2020-03-14 02:15:35,0
4279,2020-03-14 02:35:58,0
4280,2020-03-14 02:57:50,0
4281,2020-03-14 02:58:23,0
4282,2020-03-14 02:58:49,0
4283,2020-03-14 02:59:15,0
4284,2020-03-14 02:59:32,0
4285,2020-03-14 02:59:59,0
4286,2020-03-14 03:00:30,0
4287,2020-03-14 03:00:41,0
4288,2020-03-14 03:02:30,0
4289,2020-03-14 03:02:35,0
4290,2020-03-14 03:02:57,0
4291,2020-03-14 03:03:21,0
4292,2020-03-14 03:03:24,0
4293,2020-03-14 03:04:08,0
4294,2020-03-14 03:04:38,0
4295,2020-03-14 03:05:32,0
4296,2020-03-14 03:05:49,0
4297,2020-03-14 03:06:18,0
4298,2020-03-14 03:06:40,0
4299,2020-03-14 03:06:43,0
4300,2020-03-14 03:06:57,0
4301,2020-03-14 03:48:32,0
4302,2020-03-14 05:36:46,0
4303,2020-03-14 07:13:03,0
4304,2020-03-14 07:34:11,0
4305,2020-03-14 08:33:18,0
4306,2020-03-14 08:34:25,0
4307,2020-03-14 08:37:58,0
4308,2020-03-14 09:40:44,0
4309,2020-03-14 09:42:50,0
4310,2020-03-14 11:15:44,0
4311,2020-03-14 12:35:53,0
4312,2020-03-14 12:49:33,0
4313,2020-03-14 13:03:20,0
4314,2020-03-14 13:41:30,0
4315,2020-03-14 14:31:25,0
4316,2020-03-14 14:43:50,0
4317,2020-03-14 14:58:46,0
4318,2020-03-15 00:29:53,0
4319,2020-03-15 00:30:17,0
4320,2020-03-15 00:50:48,0
4321,2020-03-15 02:45:30,0
4322,2020-03-15 02:54:05,0
4323,2020-03-15 03:19:35,0
4324,2020-03-15 05:50:56,0
4325,2020-03-15 06:47:10,0
4326,2020-03-15 06:47:41,0
4327,2020-03-15 06:48:57,0
4328,2020-03-15 06:49:55,0
4329,2020-03-15 06:50:34,0
4330,2020-03-15 06:55:18,0
4331,2020-03-15 06:55:44,0
4332,2020-03-15 06:56:09,0
4333,2020-03-15 06:57:02,0
4334,2020-03-15 06:57:53,0
4335,2020-03-15 06:58:37,0
4336,2020-03-15 06:59:34,0
4337,2020-03-15 06:59:59,0
4338,2020-03-15 07:15:36,0
4339,2020-03-15 10:12:02,0
4340,2020-03-15 11:06:22,0
4341,2020-03-15 12:51:20,0
4342,2020-03-15 14:14:20,0
4343,2020-03-15 14:15:05,0
4344,2020-03-15 14:15:33,0
4345,2020-03-15 14:16:02,0
4346,2020-03-16 00:22:05,0
4347,2020-03-16 01:39:23,0
4348,2020-03-16 01:39:46,0
4349,2020-03-16 01:41:52,0
4350,2020-03-16 01:43:09,0
4351,2020-03-16 01:43:38,0
4352,2020-03-16 01:43:57,0
4353,2020-03-16 01:54:13,0
4354,2020-03-16 01:56:57,0
4355,2020-03-16 01:57:13,0
4356,2020-03-16 01:57:27,0
4357,2020-03-16 01:57:42,0
4358,2020-03-16 01:58:13,0
4359,2020-03-16 01:58:35,0
4360,2020-03-16 02:52:02,0
4361,2020-03-16 06:18:50,0
4362,2020-03-16 06:19:14,0
4363,2020-03-16 06:23:05,0
4364,2020-03-16 08:17:16,0
4365,2020-03-16 09:18:56,0
4366,2020-03-16 10:40:16,0
4367,2020-03-16 11:55:07,0
4368,2020-03-16 12:15:56,0
4369,2020-03-16 12:56:57,0
4370,2020-03-16 12:57:07,0
4371,2020-03-16 15:47:27,0
4372,2020-03-17 00:30:07,0
4373,2020-03-17 03:23:14,0
4374,2020-03-17 03:56:55,0
4375,2020-03-17 04:13:46,0
4376,2020-03-17 04:15:09,0
4377,2020-03-17 04:17:53,0
4378,2020-03-17 04:19:16,0
4379,2020-03-17 04:22:28,0
4380,2020-03-17 04:25:28,0
4381,2020-03-17 04:25:31,0
4382,2020-03-17 06:47:09,0
4383,2020-03-17 08:00:54,0
4384,2020-03-17 09:11:11,0
4385,2020-03-17 10:16:49,0
4386,2020-03-17 10:46:44,0
4387,2020-03-17 11:05:09,0
4388,2020-03-17 11:05:55,0
4389,2020-03-17 11:06:15,0
4390,2020-03-17 11:06:33,0
4391,2020-03-17 11:07:02,0
4392,2020-03-17 11:07:26,0
4393,2020-03-17 11:07:44,0
4394,2020-03-17 11:08:01,0
4395,2020-03-17 11:08:18,0
4396,2020-03-17 11:08:33,0
4397,2020-03-17 11:08:47,0
4398,2020-03-17 11:09:02,0
4399,2020-03-17 12:04:11,0
4400,2020-03-17 16:21:12,0
4401,2020-03-17 21:05:47,0
4402,2020-03-18 00:49:57,0
4403,2020-03-18 02:50:30,0
4404,2020-03-18 05:11:15,0
4405,2020-03-18 05:40:25,0
4406,2020-03-18 06:43:33,0
4407,2020-03-18 07:40:44,0
4408,2020-03-18 09:44:14,0
4409,2020-03-18 11:46:41,0
4410,2020-03-18 11:48:21,0
4411,2020-03-18 11:49:28,0
4412,2020-03-18 11:51:18,0
4413,2020-03-18 11:51:48,0
4414,2020-03-18 11:53:32,0
4415,2020-03-18 11:54:24,0
4416,2020-03-18 11:55:47,0
4417,2020-03-18 11:56:11,0
4418,2020-03-18 12:20:27,0
4419,2020-03-18 13:01:53,0
4420,2020-03-18 13:41:20,0
4421,2020-03-18 14:40:41,0
4422,2020-03-18 14:58:36,0
4423,2020-03-18 15:39:47,0
4424,2020-03-18 17:01:51,0
4425,2020-03-18 17:02:10,0
4426,2020-03-18 17:02:34,0
4427,2020-03-18 23:11:08,0
4428,2020-03-18 23:11:39,0
4429,2020-03-18 23:12:13,0
4430,2020-03-18 23:20:06,0
4431,2020-03-19 01:20:25,0
4432,2020-03-19 03:32:06,0
4433,2020-03-19 04:53:03,0
4434,2020-03-19 04:56:44,0
4435,2020-03-19 06:12:01,0
4436,2020-03-19 07:36:38,1
4437,2020-03-19 08:44:30,0
4438,2020-03-19 09:39:31,0
4439,2020-03-19 11:28:46,0
4440,2020-03-19 12:18:07,0
4441,2020-03-19 12:18:17,0
4442,2020-03-19 13:12:40,0
4443,2020-03-19 13:12:58,0
4444,2020-03-19 13:50:22,0
4445,2020-03-19 13:54:13,0
4446,2020-03-19 13:58:50,0
4447,2020-03-19 14:49:09,0
4448,2020-03-19 15:07:20,0
4449,2020-03-19 15:54:06,0
4450,2020-03-19 16:46:16,0
4451,2020-03-19 22:04:01,0
4452,2020-03-20 00:49:17,0
4453,2020-03-20 00:59:58,0
4454,2020-03-20 01:07:32,0
4455,2020-03-20 01:08:30,0
4456,2020-03-20 01:12:52,0
4457,2020-03-20 01:24:46,0
4458,2020-03-20 01:30:42,0
4459,2020-03-20 01:32:06,0
4460,2020-03-20 01:39:55,0
4461,2020-03-20 01:44:46,0
4462,2020-03-20 01:46:24,0
4463,2020-03-20 02:38:54,0
4464,2020-03-20 03:38:23,0
4465,2020-03-20 05:27:45,0
4466,2020-03-20 05:49:29,0
4467,2020-03-20 06:23:01,0
4468,2020-03-20 07:15:48,0
4469,2020-03-20 07:21:14,0
4470,2020-03-20 08:49:21,0
4471,2020-03-20 08:49:21,0
4472,2020-03-20 09:20:15,0
4473,2020-03-20 09:22:07,0
4474,2020-03-20 09:23:44,1
4475,2020-03-20 09:24:55,1
4476,2020-03-20 09:31:12,0
4477,2020-03-20 09:32:33,0
4478,2020-03-20 11:04:22,0
4479,2020-03-20 11:46:39,0
4480,2020-03-20 13:04:52,0
4481,2020-03-20 13:27:29,0
4482,2020-03-20 13:59:02,0
4483,2020-03-20 14:38:02,0
4484,2020-03-20 15:44:26,0
4485,2020-03-21 00:58:08,0
4486,2020-03-21 04:04:57,0
4487,2020-03-21 05:20:03,0
4488,2020-03-21 05:20:03,0
4489,2020-03-21 07:31:37,0
4490,2020-03-21 08:03:02,0
4491,2020-03-21 10:38:46,0
4492,2020-03-21 11:42:07,0
4493,2020-03-21 13:29:39,0
4494,2020-03-21 15:54:24,0
4495,2020-03-21 23:51:57,0
4496,2020-03-22 02:18:57,0
4497,2020-03-22 03:49:30,0
4498,2020-03-22 03:57:08,0
4499,2020-03-22 04:20:11,0
4500,2020-03-22 05:24:30,0
4501,2020-03-22 05:26:24,1
4502,2020-03-22 05:28:35,1
4503,2020-03-22 05:30:28,0
4504,2020-03-22 07:35:39,0
4505,2020-03-22 13:28:36,0
4506,2020-03-22 14:13:49,0
4507,2020-03-22 14:17:24,0
4508,2020-03-22 14:19:46,0
4509,2020-03-22 14:23:20,0
4510,2020-03-23 05:05:46,0
4511,2020-03-23 05:08:24,0
4512,2020-03-23 08:46:43,0
4513,2020-03-23 08:49:13,0
4514,2020-03-23 13:42:33,0
4515,2020-03-23 14:11:18,0
4516,2020-03-23 14:12:25,0
4517,2020-03-24 03:50:19,0
4518,2020-03-24 04:13:00,0
4519,2020-03-24 09:05:55,0
4520,2020-03-24 09:19:31,0
4521,2020-03-25 03:12:33,0
4522,2020-03-25 07:23:36,0
4523,2020-03-25 09:28:47,0
4524,2020-03-25 09:32:01,0
4525,2020-03-25 13:36:36,0
4526,2020-03-25 17:33:23,0
4527,2020-03-25 17:35:02,1
4528,2020-03-25 17:36:30,0
4529,2020-03-25 17:37:49,0
4530,2020-03-25 17:38:52,0
4531,2020-03-26 03:37:47,0
4532,2020-03-26 03:39:06,0
4533,2020-03-26 03:40:58,0
4534,2020-03-26 03:41:55,0
4535,2020-03-26 03:43:23,0
4536,2020-03-26 03:44:19,0
4537,2020-03-26 05:08:04,0
4538,2020-03-26 06:52:09,0
4539,2020-03-26 06:52:49,0
4540,2020-03-26 06:54:05,0
4541,2020-03-26 06:55:55,0
4542,2020-03-26 06:59:43,0
4543,2020-03-26 08:16:59,0
4544,2020-03-26 09:56:00,0
4545,2020-03-26 09:56:34,0
4546,2020-03-26 09:58:11,0
4547,2020-03-26 09:58:35,0
4548,2020-03-26 09:59:11,0
4549,2020-03-26 10:00:04,0
4550,2020-03-26 12:12:34,0
4551,2020-03-26 12:13:11,0
4552,2020-03-26 12:14:43,0
4553,2020-03-26 12:16:42,0
4554,2020-03-26 14:15:01,0
4555,2020-03-26 21:42:18,0
4556,2020-03-27 01:19:08,0
4557,2020-03-27 04:36:01,0
4558,2020-03-27 04:37:22,0
4559,2020-03-27 04:38:13,0
4560,2020-03-27 04:39:29,0
4561,2020-03-27 04:40:40,0
4562,2020-03-27 05:02:54,0
4563,2020-03-27 05:11:54,0
4564,2020-03-27 05:13:10,0
4565,2020-03-27 05:13:51,0
4566,2020-03-27 05:14:45,0
4567,2020-03-27 05:15:46,0
4568,2020-03-27 06:38:45,0
4569,2020-03-27 06:40:25,0
4570,2020-03-27 09:49:48,0
4571,2020-03-27 12:40:03,0
4572,2020-03-27 13:35:28,0
4573,2020-03-27 18:08:20,0
4574,2020-03-27 18:09:09,1
4575,2020-03-27 18:15:02,0
4576,2020-03-27 18:15:24,0
4577,2020-03-27 18:16:36,0
4578,2020-03-27 18:21:15,0
4579,2020-03-27 18:22:48,0
4580,2020-03-27 18:25:57,0
4581,2020-03-27 18:33:03,0
4582,2020-03-27 18:35:11,0
4583,2020-03-28 04:28:39,0
4584,2020-03-28 04:30:12,0
4585,2020-03-28 06:22:54,0
4586,2020-03-28 06:23:41,0
4587,2020-03-28 06:24:33,0
4588,2020-03-28 06:25:45,0
4589,2020-03-28 06:26:39,0
4590,2020-03-28 07:08:05,0
4591,2020-03-28 07:08:49,0
4592,2020-03-28 07:10:15,0
4593,2020-03-28 07:12:42,0
4594,2020-03-28 07:13:06,0
4595,2020-03-28 08:21:53,0
4596,2020-03-28 08:22:52,0
4597,2020-03-28 08:23:26,0
4598,2020-03-28 11:04:31,0
4599,2020-03-29 02:48:01,0
4600,2020-03-29 02:49:15,0
4601,2020-03-29 02:49:58,0
4602,2020-03-29 02:51:08,0
4603,2020-03-29 02:52:55,0
4604,2020-03-29 03:32:43,0
4605,2020-03-29 03:34:09,0
4606,2020-03-29 03:34:31,0
4607,2020-03-29 03:35:47,0
4608,2020-03-29 03:37:47,0
4609,2020-03-29 04:12:11,0
4610,2020-03-29 05:40:23,0
4611,2020-03-29 12:30:48,0
4612,2020-03-30 04:15:27,0
4613,2020-03-30 05:44:13,0
4614,2020-03-30 13:49:06,0
4615,2020-03-30 14:58:51,0
4616,2020-03-30 22:13:25,0
4617,2020-03-30 22:15:04,0
4618,2020-03-30 22:17:09,0
4619,2020-03-30 22:18:11,0
4620,2020-03-30 22:19:25,0
4621,2020-03-30 22:20:05,0
4622,2020-03-30 22:21:01,0
4623,2020-03-30 22:22:46,0
4624,2020-03-30 22:23:29,0
4625,2020-03-30 22:25:46,0
4626,2020-03-30 22:26:27,0
4627,2020-03-30 22:26:48,0
4628,2020-03-31 02:23:47,0
4629,2020-03-31 08:58:29,0
4630,2020-03-31 08:59:51,0
4631,2020-03-31 09:00:32,0
4632,2020-03-31 18:29:38,0
4633,2020-03-31 18:30:41,0
4634,2020-04-01 00:48:48,0
4635,2020-04-01 19:31:57,0
4636,2020-04-02 02:59:24,0
4637,2020-04-02 03:00:21,0
4638,2020-04-02 03:00:55,0
4639,2020-04-02 03:01:42,0
4640,2020-04-02 03:02:19,0
4641,2020-04-02 10:27:09,0
4642,2020-04-02 10:37:56,0
4643,2020-04-02 10:38:22,0
4644,2020-04-02 10:39:23,0
4645,2020-04-02 10:40:25,0
4646,2020-04-02 10:42:11,0
4647,2020-04-02 15:29:03,0
4648,2020-04-02 22:51:43,0
4649,2020-04-02 22:52:32,0
4650,2020-04-02 22:53:37,0
4651,2020-04-02 22:54:15,0
4652,2020-04-02 22:55:43,0
4653,2020-04-03 00:06:13,0
4654,2020-04-03 01:13:43,0
4655,2020-04-03 01:14:23,0
4656,2020-04-03 01:15:19,0
4657,2020-04-03 01:15:47,0
4658,2020-04-03 01:16:46,0
4659,2020-04-03 02:17:00,0
4660,2020-04-03 05:03:01,0
4661,2020-04-03 08:51:10,0
4662,2020-04-03 21:10:58,0
4663,2020-04-04 04:57:12,0
4664,2020-04-04 04:58:00,0
4665,2020-04-04 04:58:30,0
4666,2020-04-04 04:58:56,0
4667,2020-04-04 04:59:20,0
4668,2020-04-04 08:38:47,0
4669,2020-04-04 08:39:26,0
4670,2020-04-04 08:40:11,0
4671,2020-04-04 08:40:36,0
4672,2020-04-04 08:41:02,0
4673,2020-04-04 08:41:38,0
4674,2020-04-04 18:04:18,0
4675,2020-04-05 09:46:02,0
4676,2020-04-05 09:46:50,0
4677,2020-04-05 09:47:27,0
4678,2020-04-05 09:48:08,0
4679,2020-04-05 09:48:44,0
4680,2020-04-05 11:12:13,0
4681,2020-04-05 11:43:25,0
4682,2020-04-05 11:44:18,0
4683,2020-04-05 11:44:56,0
4684,2020-04-05 11:45:28,0
4685,2020-04-05 11:46:01,0
4686,2020-04-06 05:12:56,0
4687,2020-04-06 05:13:23,0
4688,2020-04-06 05:14:09,0
4689,2020-04-06 05:14:50,0
4690,2020-04-06 11:36:38,0
4691,2020-04-07 01:09:06,0
4692,2020-04-07 01:09:55,0
4693,2020-04-07 01:10:20,0
4694,2020-04-07 01:11:07,0
4695,2020-04-07 01:25:47,0
4696,2020-04-07 01:34:38,1
4697,2020-04-07 01:50:14,0
4698,2020-04-07 11:38:58,0
4699,2020-04-07 11:57:34,0
4700,2020-04-07 11:58:20,0
4701,2020-04-08 03:49:31,0
4702,2020-04-08 06:51:10,0
4703,2020-04-09 11:38:08,0
4704,2020-04-09 13:52:24,0
4705,2020-04-10 01:19:45,0
4706,2020-04-10 13:13:13,0
4707,2020-04-11 03:37:06,0
4708,2020-04-11 05:34:16,0
4709,2020-04-11 09:37:14,0
4710,2020-04-11 10:47:55,0
4711,2020-04-11 15:00:54,0
4712,2020-04-12 00:33:04,0
4713,2020-04-12 02:34:23,1
4714,2020-04-12 04:09:38,0
4715,2020-04-12 07:45:22,0
4716,2020-04-12 08:04:02,0
4717,2020-04-12 10:13:42,0
4718,2020-04-12 13:06:32,0
4719,2020-04-12 14:09:53,0
4720,2020-04-12 15:42:28,0
4721,2020-04-12 19:32:51,0
4722,2020-04-12 19:34:00,0
4723,2020-04-12 19:36:38,0
4724,2020-04-12 19:37:38,0
4725,2020-04-12 19:38:30,0
4726,2020-04-13 01:41:08,0
4727,2020-04-13 03:12:04,0
4728,2020-04-13 04:03:07,0
4729,2020-04-13 04:03:47,0
4730,2020-04-13 06:52:54,0
4731,2020-04-13 10:15:21,0
4732,2020-04-13 11:11:49,0
4733,2020-04-13 12:10:17,0
4734,2020-04-13 18:02:33,0
4735,2020-04-13 18:03:46,0
4736,2020-04-13 18:04:56,0
4737,2020-04-13 18:06:47,0
4738,2020-04-13 18:07:50,0
4739,2020-04-13 18:10:47,0
4740,2020-04-14 02:13:03,0
4741,2020-04-14 03:02:54,0
4742,2020-04-14 04:44:46,0
4743,2020-04-14 06:08:38,0
4744,2020-04-14 06:21:55,0
4745,2020-04-14 06:27:42,0
4746,2020-04-14 07:35:46,0
4747,2020-04-14 22:14:21,1
4748,2020-04-15 02:18:12,0
4749,2020-04-15 02:19:53,0
4750,2020-04-15 02:37:06,0
4751,2020-04-15 04:47:32,0
4752,2020-04-15 04:51:27,0
4753,2020-04-15 08:01:49,0
4754,2020-04-15 10:20:14,0
4755,2020-04-15 11:48:10,0
4756,2020-04-15 14:14:53,0
4757,2020-04-16 03:03:39,0
4758,2020-04-16 03:54:42,0
4759,2020-04-16 05:25:38,0
4760,2020-04-16 05:53:24,0
4761,2020-04-16 05:54:25,0
4762,2020-04-16 06:00:57,0
4763,2020-04-16 06:09:02,0
4764,2020-04-16 06:46:18,0
4765,2020-04-16 06:48:25,0
4766,2020-04-16 09:08:00,0
4767,2020-04-16 09:36:48,0
4768,2020-04-16 10:11:02,0
4769,2020-04-16 10:17:00,0
4770,2020-04-16 10:19:45,0
4771,2020-04-16 10:30:27,0
4772,2020-04-16 11:38:07,0
4773,2020-04-16 14:11:46,0
4774,2020-04-16 15:30:09,0
4775,2020-04-16 16:55:53,0
4776,2020-04-17 05:13:09,0
4777,2020-04-17 16:16:00,0
4778,2020-04-18 03:25:37,0
4779,2020-04-18 03:46:16,0
4780,2020-04-18 03:50:15,0
4781,2020-04-18 03:53:41,0
4782,2020-04-18 06:17:16,0
4783,2020-04-18 08:48:13,0
4784,2020-04-18 08:48:32,0
4785,2020-04-18 08:49:40,0
4786,2020-04-18 08:49:46,0
4787,2020-04-18 08:50:40,0
4788,2020-04-18 08:54:34,0
4789,2020-04-18 08:55:42,0
4790,2020-04-18 08:56:14,0
4791,2020-04-18 08:56:23,0
4792,2020-04-18 08:56:46,0
4793,2020-04-18 08:57:23,0
4794,2020-04-18 08:59:19,0
4795,2020-04-18 09:06:43,0
4796,2020-04-18 09:07:14,0
4797,2020-04-18 09:12:54,0
4798,2020-04-18 09:13:03,0
4799,2020-04-18 09:25:14,0
4800,2020-04-18 09:25:23,0
4801,2020-04-18 09:32:18,0
4802,2020-04-18 09:33:40,0
4803,2020-04-18 09:41:29,1
4804,2020-04-18 09:41:49,0
4805,2020-04-18 09:46:29,0
4806,2020-04-18 09:46:59,0
4807,2020-04-18 10:00:08,0
4808,2020-04-18 10:01:02,0
4809,2020-04-18 10:09:27,0
4810,2020-04-18 10:16:18,0
4811,2020-04-18 10:29:34,0
4812,2020-04-18 10:48:09,0
4813,2020-04-19 08:31:47,0
4814,2020-04-19 08:33:38,0
4815,2020-04-19 08:50:29,0
4816,2020-04-19 08:52:46,0
4817,2020-04-19 08:53:45,0
4818,2020-04-19 08:55:19,0
4819,2020-04-19 08:56:54,0
4820,2020-04-19 15:27:38,0
4821,2020-04-20 03:14:28,0
4822,2020-04-20 03:15:05,0
4823,2020-04-20 03:15:40,0
4824,2020-04-20 03:16:08,0
4825,2020-04-20 03:23:04,0
4826,2020-04-20 09:37:20,0
4827,2020-04-20 13:17:17,0
4828,2020-04-21 02:32:10,0
4829,2020-04-21 02:32:38,0
4830,2020-04-21 02:36:28,0
4831,2020-04-21 02:37:31,0
4832,2020-04-21 02:38:48,0
4833,2020-04-21 02:40:33,0
4834,2020-04-21 06:02:23,0
4835,2020-04-21 12:30:01,0
4836,2020-04-21 14:51:21,0
4837,2020-04-21 21:34:22,0
4838,2020-04-22 02:58:30,0
4839,2020-04-22 08:29:48,0
4840,2020-04-22 08:30:45,0
4841,2020-04-22 11:06:12,0
4842,2020-04-22 11:19:06,0
4843,2020-04-22 14:34:39,0
4844,2020-04-23 02:44:38,0
4845,2020-04-23 04:36:59,0
4846,2020-04-23 04:42:59,0
4847,2020-04-23 07:57:06,1
4848,2020-04-23 08:19:17,0
4849,2020-04-23 08:23:13,0
4850,2020-04-23 08:29:42,0
4851,2020-04-23 08:31:49,0
4852,2020-04-23 08:33:29,0
4853,2020-04-23 08:47:45,0
4854,2020-04-23 09:08:03,0
4855,2020-04-23 09:13:57,0
4856,2020-04-23 09:23:22,0
4857,2020-04-23 09:29:02,0
4858,2020-04-23 09:31:09,0
4859,2020-04-23 09:49:10,0
4860,2020-04-23 10:40:16,0
4861,2020-04-23 16:02:38,0
4862,2020-04-23 16:50:13,0
4863,2020-04-23 16:54:10,0
4864,2020-04-24 02:39:13,0
4865,2020-04-24 06:27:09,0
4866,2020-04-24 07:50:20,0
4867,2020-04-24 07:57:43,0
4868,2020-04-24 07:57:50,0
4869,2020-04-24 07:57:59,0
4870,2020-04-24 07:58:07,0
4871,2020-04-24 07:58:13,0
4872,2020-04-24 07:58:30,0
4873,2020-04-24 08:15:02,0
4874,2020-04-24 08:16:36,0
4875,2020-04-24 11:23:41,0
4876,2020-04-24 12:14:07,0
4877,2020-04-24 13:11:47,0
4878,2020-04-24 21:02:11,0
4879,2020-04-24 23:31:50,0
4880,2020-04-25 01:06:21,0
4881,2020-04-25 03:45:25,0
4882,2020-04-25 05:58:25,0
4883,2020-04-25 06:35:43,0
4884,2020-04-25 07:46:45,0
4885,2020-04-25 07:46:45,0
4886,2020-04-25 07:50:08,0
4887,2020-04-25 08:10:26,0
4888,2020-04-25 08:11:26,0
4889,2020-04-25 08:12:08,0
4890,2020-04-25 08:13:06,0
4891,2020-04-25 08:14:15,0
4892,2020-04-25 08:38:05,0
4893,2020-04-25 08:39:49,0
4894,2020-04-25 09:00:41,0
4895,2020-04-25 09:08:55,0
4896,2020-04-25 09:13:12,0
4897,2020-04-25 09:18:20,0
4898,2020-04-25 09:27:39,0
4899,2020-04-25 09:48:13,0
4900,2020-04-25 15:12:21,0
4901,2020-04-25 20:59:54,0
4902,2020-04-26 03:51:22,0
4903,2020-04-26 07:26:58,0
4904,2020-04-26 13:04:20,0
4905,2020-04-26 21:02:04,0
4906,2020-04-27 05:00:38,0
4907,2020-04-27 05:01:04,0
4908,2020-04-27 05:01:31,0
4909,2020-04-27 05:02:13,0
4910,2020-04-27 05:02:26,0
4911,2020-04-27 05:03:29,0
4912,2020-04-27 05:03:44,0
4913,2020-04-27 05:04:02,0
4914,2020-04-27 05:04:38,0
4915,2020-04-27 05:04:51,0
4916,2020-04-27 05:05:47,0
4917,2020-04-27 05:06:08,0
4918,2020-04-27 05:06:31,1
4919,2020-04-27 05:34:17,0
4920,2020-04-28 03:58:56,0
4921,2020-04-28 04:44:43,0
4922,2020-04-29 08:25:54,1
4923,2020-04-29 08:26:15,1
4924,2020-04-29 08:26:39,1
4925,2020-04-29 08:41:07,1
